-3,-16,zeKABUPzgDPFIJIcmfQdt3CVlv4=,vFh2Qui3b9TDwPmwJ1QRMjD8QTk=
-2,-16,zeKABUPzgDPFIJIcmfQdt3CVlv4=,vFh2Qui3b9TDwPmwJ1QRMjD8QTk=
-3,-15,zeKABUPzgDPFIJIcmfQdt3CVlv4=,vFh2Qui3b9TDwPmwJ1QRMjD8QTk=
-2,-15,zeKABUPzgDPFIJIcmfQdt3CVlv4=,vFh2Qui3b9TDwPmwJ1QRMjD8QTk=
-3,-14,zeKABUPzgDPFIJIcmfQdt3CVlv4=,vFh2Qui3b9TDwPmwJ1QRMjD8QTk=
-2,-14,zeKABUPzgDPFIJIcmfQdt3CVlv4=,vFh2Qui3b9TDwPmwJ1QRMjD8QTk=
-3,-13,zeKABUPzgDPFIJIcmfQdt3CVlv4=,vFh2Qui3b9TDwPmwJ1QRMjD8QTk=
-2,-13,zeKABUPzgDPFIJIcmfQdt3CVlv4=,vFh2Qui3b9TDwPmwJ1QRMjD8QTk=
-3,-11,zeKABUPzgDPFIJIcmfQdt3CVlv4=,GuadU3VbpTOKxBvdOA0pGX/W1JA=
-7,-15,zeKABUPzgDPFIJIcmfQdt3CVlv4=,Gt/+0GmfJNZvU8YJHxWDywMJOjY=
-2,-10,zeKABUPzgDPFIJIcmfQdt3CVlv4=,GuadU3VbpTOKxBvdOA0pGX/W1JA=
-6,-15,zeKABUPzgDPFIJIcmfQdt3CVlv4=,Gt/+0GmfJNZvU8YJHxWDywMJOjY=
-3,-10,zeKABUPzgDPFIJIcmfQdt3CVlv4=,GuadU3VbpTOKxBvdOA0pGX/W1JA=
-7,-11,zeKABUPzgDPFIJIcmfQdt3CVlv4=,jI9Y53X44h2t7wXCpmmEiS44i4E=
-5,-15,zeKABUPzgDPFIJIcmfQdt3CVlv4=,Gt/+0GmfJNZvU8YJHxWDywMJOjY=
-4,-16,zeKABUPzgDPFIJIcmfQdt3CVlv4=,vFh2Qui3b9TDwPmwJ1QRMjD8QTk=
-6,-11,zeKABUPzgDPFIJIcmfQdt3CVlv4=,jI9Y53X44h2t7wXCpmmEiS44i4E=
-2,-12,zeKABUPzgDPFIJIcmfQdt3CVlv4=,GuadU3VbpTOKxBvdOA0pGX/W1JA=
-3,-12,zeKABUPzgDPFIJIcmfQdt3CVlv4=,GuadU3VbpTOKxBvdOA0pGX/W1JA=
-2,-11,zeKABUPzgDPFIJIcmfQdt3CVlv4=,GuadU3VbpTOKxBvdOA0pGX/W1JA=
-4,-13,zeKABUPzgDPFIJIcmfQdt3CVlv4=,vFh2Qui3b9TDwPmwJ1QRMjD8QTk=
-7,-14,zeKABUPzgDPFIJIcmfQdt3CVlv4=,Gt/+0GmfJNZvU8YJHxWDywMJOjY=
-5,-16,zeKABUPzgDPFIJIcmfQdt3CVlv4=,Gt/+0GmfJNZvU8YJHxWDywMJOjY=
-4,-11,zeKABUPzgDPFIJIcmfQdt3CVlv4=,GuadU3VbpTOKxBvdOA0pGX/W1JA=
-6,-16,zeKABUPzgDPFIJIcmfQdt3CVlv4=,Gt/+0GmfJNZvU8YJHxWDywMJOjY=
-6,-14,zeKABUPzgDPFIJIcmfQdt3CVlv4=,Gt/+0GmfJNZvU8YJHxWDywMJOjY=
-5,-11,zeKABUPzgDPFIJIcmfQdt3CVlv4=,jI9Y53X44h2t7wXCpmmEiS44i4E=
-4,-14,zeKABUPzgDPFIJIcmfQdt3CVlv4=,vFh2Qui3b9TDwPmwJ1QRMjD8QTk=
-4,-15,zeKABUPzgDPFIJIcmfQdt3CVlv4=,vFh2Qui3b9TDwPmwJ1QRMjD8QTk=
-4,-12,zeKABUPzgDPFIJIcmfQdt3CVlv4=,GuadU3VbpTOKxBvdOA0pGX/W1JA=
-7,-16,zeKABUPzgDPFIJIcmfQdt3CVlv4=,Gt/+0GmfJNZvU8YJHxWDywMJOjY=
-5,-14,zeKABUPzgDPFIJIcmfQdt3CVlv4=,Gt/+0GmfJNZvU8YJHxWDywMJOjY=
-4,-10,zeKABUPzgDPFIJIcmfQdt3CVlv4=,GuadU3VbpTOKxBvdOA0pGX/W1JA=
-5,-12,zeKABUPzgDPFIJIcmfQdt3CVlv4=,jI9Y53X44h2t7wXCpmmEiS44i4E=
-6,-12,zeKABUPzgDPFIJIcmfQdt3CVlv4=,jI9Y53X44h2t7wXCpmmEiS44i4E=
-7,-10,zeKABUPzgDPFIJIcmfQdt3CVlv4=,jI9Y53X44h2t7wXCpmmEiS44i4E=
-6,-10,zeKABUPzgDPFIJIcmfQdt3CVlv4=,jI9Y53X44h2t7wXCpmmEiS44i4E=
-5,-13,zeKABUPzgDPFIJIcmfQdt3CVlv4=,Gt/+0GmfJNZvU8YJHxWDywMJOjY=
-7,-12,zeKABUPzgDPFIJIcmfQdt3CVlv4=,jI9Y53X44h2t7wXCpmmEiS44i4E=
-5,-10,zeKABUPzgDPFIJIcmfQdt3CVlv4=,jI9Y53X44h2t7wXCpmmEiS44i4E=
-6,-13,zeKABUPzgDPFIJIcmfQdt3CVlv4=,Gt/+0GmfJNZvU8YJHxWDywMJOjY=
-7,-13,zeKABUPzgDPFIJIcmfQdt3CVlv4=,Gt/+0GmfJNZvU8YJHxWDywMJOjY=
-7,-7,zeKABUPzgDPFIJIcmfQdt3CVlv4=,qPN0oGI3azZ03T6Oahufdw7DJNQ=
-7,-6,zeKABUPzgDPFIJIcmfQdt3CVlv4=,qPN0oGI3azZ03T6Oahufdw7DJNQ=
-6,-7,zeKABUPzgDPFIJIcmfQdt3CVlv4=,qPN0oGI3azZ03T6Oahufdw7DJNQ=
-7,-8,zeKABUPzgDPFIJIcmfQdt3CVlv4=,qPN0oGI3azZ03T6Oahufdw7DJNQ=
-7,-9,zeKABUPzgDPFIJIcmfQdt3CVlv4=,jI9Y53X44h2t7wXCpmmEiS44i4E=
-6,-8,zeKABUPzgDPFIJIcmfQdt3CVlv4=,qPN0oGI3azZ03T6Oahufdw7DJNQ=
-6,-6,zeKABUPzgDPFIJIcmfQdt3CVlv4=,qPN0oGI3azZ03T6Oahufdw7DJNQ=
-6,-9,zeKABUPzgDPFIJIcmfQdt3CVlv4=,jI9Y53X44h2t7wXCpmmEiS44i4E=
-9,-6,zeKABUPzgDPFIJIcmfQdt3CVlv4=,+vXLAL/GQR2OKB0ugHyw139xbDk=
-10,-6,zeKABUPzgDPFIJIcmfQdt3CVlv4=,+vXLAL/GQR2OKB0ugHyw139xbDk=
-8,-7,zeKABUPzgDPFIJIcmfQdt3CVlv4=,qPN0oGI3azZ03T6Oahufdw7DJNQ=
-10,-7,zeKABUPzgDPFIJIcmfQdt3CVlv4=,+vXLAL/GQR2OKB0ugHyw139xbDk=
-11,-7,zeKABUPzgDPFIJIcmfQdt3CVlv4=,+vXLAL/GQR2OKB0ugHyw139xbDk=
-9,-7,zeKABUPzgDPFIJIcmfQdt3CVlv4=,+vXLAL/GQR2OKB0ugHyw139xbDk=
-8,-6,zeKABUPzgDPFIJIcmfQdt3CVlv4=,qPN0oGI3azZ03T6Oahufdw7DJNQ=
-8,-15,zeKABUPzgDPFIJIcmfQdt3CVlv4=,Gt/+0GmfJNZvU8YJHxWDywMJOjY=
-11,-15,zeKABUPzgDPFIJIcmfQdt3CVlv4=,cnsGUjlMRzf/viS8RLpVd+dltg0=
-10,-15,zeKABUPzgDPFIJIcmfQdt3CVlv4=,cnsGUjlMRzf/viS8RLpVd+dltg0=
-10,-16,zeKABUPzgDPFIJIcmfQdt3CVlv4=,cnsGUjlMRzf/viS8RLpVd+dltg0=
-9,-14,zeKABUPzgDPFIJIcmfQdt3CVlv4=,cnsGUjlMRzf/viS8RLpVd+dltg0=
-8,-11,zeKABUPzgDPFIJIcmfQdt3CVlv4=,jI9Y53X44h2t7wXCpmmEiS44i4E=
-11,-14,ZShUkHMsgiAew6XkwOwt4VAh5Uo=,cnsGUjlMRzf/viS8RLpVd+dltg0=
-10,-14,ZShUkHMsgiAew6XkwOwt4VAh5Uo=,cnsGUjlMRzf/viS8RLpVd+dltg0=
-12,-11,ZShUkHMsgiAew6XkwOwt4VAh5Uo=,L1pfY+/0+Eg1NBsaVizMhd7RVh8=
-8,-16,ZShUkHMsgiAew6XkwOwt4VAh5Uo=,Gt/+0GmfJNZvU8YJHxWDywMJOjY=
-11,-6,ZShUkHMsgiAew6XkwOwt4VAh5Uo=,+vXLAL/GQR2OKB0ugHyw139xbDk=
-9,-15,ZShUkHMsgiAew6XkwOwt4VAh5Uo=,cnsGUjlMRzf/viS8RLpVd+dltg0=
-16,-10,ZShUkHMsgiAew6XkwOwt4VAh5Uo=,cU6pM/nIEOJ/sqjOH5g4ENMGQWA=
-8,-14,ZShUkHMsgiAew6XkwOwt4VAh5Uo=,Gt/+0GmfJNZvU8YJHxWDywMJOjY=
-11,-11,ZShUkHMsgiAew6XkwOwt4VAh5Uo=,L1pfY+/0+Eg1NBsaVizMhd7RVh8=
-14,-10,ZShUkHMsgiAew6XkwOwt4VAh5Uo=,cU6pM/nIEOJ/sqjOH5g4ENMGQWA=
-15,-10,ZShUkHMsgiAew6XkwOwt4VAh5Uo=,cU6pM/nIEOJ/sqjOH5g4ENMGQWA=
-13,-10,ZShUkHMsgiAew6XkwOwt4VAh5Uo=,cU6pM/nIEOJ/sqjOH5g4ENMGQWA=
-12,-10,ZShUkHMsgiAew6XkwOwt4VAh5Uo=,L1pfY+/0+Eg1NBsaVizMhd7RVh8=
-13,-11,ZShUkHMsgiAew6XkwOwt4VAh5Uo=,cU6pM/nIEOJ/sqjOH5g4ENMGQWA=
-16,-11,ZShUkHMsgiAew6XkwOwt4VAh5Uo=,cU6pM/nIEOJ/sqjOH5g4ENMGQWA=
-14,-11,ZShUkHMsgiAew6XkwOwt4VAh5Uo=,cU6pM/nIEOJ/sqjOH5g4ENMGQWA=
-15,-11,ZShUkHMsgiAew6XkwOwt4VAh5Uo=,cU6pM/nIEOJ/sqjOH5g4ENMGQWA=
-10,-11,ZShUkHMsgiAew6XkwOwt4VAh5Uo=,L1pfY+/0+Eg1NBsaVizMhd7RVh8=
-9,-12,ZShUkHMsgiAew6XkwOwt4VAh5Uo=,L1pfY+/0+Eg1NBsaVizMhd7RVh8=
-10,-12,ZShUkHMsgiAew6XkwOwt4VAh5Uo=,L1pfY+/0+Eg1NBsaVizMhd7RVh8=
-8,-12,ZShUkHMsgiAew6XkwOwt4VAh5Uo=,jI9Y53X44h2t7wXCpmmEiS44i4E=
-11,-12,ZShUkHMsgiAew6XkwOwt4VAh5Uo=,L1pfY+/0+Eg1NBsaVizMhd7RVh8=
-8,-13,ZShUkHMsgiAew6XkwOwt4VAh5Uo=,Gt/+0GmfJNZvU8YJHxWDywMJOjY=
-9,-9,ZShUkHMsgiAew6XkwOwt4VAh5Uo=,L1pfY+/0+Eg1NBsaVizMhd7RVh8=
-9,-16,ZShUkHMsgiAew6XkwOwt4VAh5Uo=,cnsGUjlMRzf/viS8RLpVd+dltg0=
-9,-8,ZShUkHMsgiAew6XkwOwt4VAh5Uo=,+vXLAL/GQR2OKB0ugHyw139xbDk=
-10,-9,ZShUkHMsgiAew6XkwOwt4VAh5Uo=,L1pfY+/0+Eg1NBsaVizMhd7RVh8=
-10,-8,ZShUkHMsgiAew6XkwOwt4VAh5Uo=,+vXLAL/GQR2OKB0ugHyw139xbDk=
-9,-11,ZShUkHMsgiAew6XkwOwt4VAh5Uo=,L1pfY+/0+Eg1NBsaVizMhd7RVh8=
-11,-9,ZShUkHMsgiAew6XkwOwt4VAh5Uo=,L1pfY+/0+Eg1NBsaVizMhd7RVh8=
-8,-8,ZShUkHMsgiAew6XkwOwt4VAh5Uo=,qPN0oGI3azZ03T6Oahufdw7DJNQ=
-11,-16,ZShUkHMsgiAew6XkwOwt4VAh5Uo=,cnsGUjlMRzf/viS8RLpVd+dltg0=
-11,-8,ZShUkHMsgiAew6XkwOwt4VAh5Uo=,+vXLAL/GQR2OKB0ugHyw139xbDk=
-9,-13,ZShUkHMsgiAew6XkwOwt4VAh5Uo=,cnsGUjlMRzf/viS8RLpVd+dltg0=
-8,-9,ZShUkHMsgiAew6XkwOwt4VAh5Uo=,jI9Y53X44h2t7wXCpmmEiS44i4E=
-9,-10,ZShUkHMsgiAew6XkwOwt4VAh5Uo=,L1pfY+/0+Eg1NBsaVizMhd7RVh8=
-10,-13,ZShUkHMsgiAew6XkwOwt4VAh5Uo=,cnsGUjlMRzf/viS8RLpVd+dltg0=
-8,-10,ZShUkHMsgiAew6XkwOwt4VAh5Uo=,jI9Y53X44h2t7wXCpmmEiS44i4E=
-11,-13,ZShUkHMsgiAew6XkwOwt4VAh5Uo=,cnsGUjlMRzf/viS8RLpVd+dltg0=
-10,-10,ZShUkHMsgiAew6XkwOwt4VAh5Uo=,L1pfY+/0+Eg1NBsaVizMhd7RVh8=
-11,-10,ZShUkHMsgiAew6XkwOwt4VAh5Uo=,L1pfY+/0+Eg1NBsaVizMhd7RVh8=
-16,-15,ZShUkHMsgiAew6XkwOwt4VAh5Uo=,cnsGUjlMRzf/viS8RLpVd+dltg0=
-16,-13,ZShUkHMsgiAew6XkwOwt4VAh5Uo=,cnsGUjlMRzf/viS8RLpVd+dltg0=
-15,-15,ZShUkHMsgiAew6XkwOwt4VAh5Uo=,cnsGUjlMRzf/viS8RLpVd+dltg0=
-12,-15,ZShUkHMsgiAew6XkwOwt4VAh5Uo=,cnsGUjlMRzf/viS8RLpVd+dltg0=
-14,-15,ZShUkHMsgiAew6XkwOwt4VAh5Uo=,cnsGUjlMRzf/viS8RLpVd+dltg0=
-12,-13,ZShUkHMsgiAew6XkwOwt4VAh5Uo=,cnsGUjlMRzf/viS8RLpVd+dltg0=
-15,-13,ZShUkHMsgiAew6XkwOwt4VAh5Uo=,cnsGUjlMRzf/viS8RLpVd+dltg0=
-11,-5,ZShUkHMsgiAew6XkwOwt4VAh5Uo=,+vXLAL/GQR2OKB0ugHyw139xbDk=
-11,-4,ZShUkHMsgiAew6XkwOwt4VAh5Uo=,uE9gZHjROq1h8g5JxCnoJ8Glekw=
-16,-16,ZShUkHMsgiAew6XkwOwt4VAh5Uo=,cnsGUjlMRzf/viS8RLpVd+dltg0=
-13,-16,ZShUkHMsgiAew6XkwOwt4VAh5Uo=,cnsGUjlMRzf/viS8RLpVd+dltg0=
-14,-16,ZShUkHMsgiAew6XkwOwt4VAh5Uo=,cnsGUjlMRzf/viS8RLpVd+dltg0=
-15,-16,ZShUkHMsgiAew6XkwOwt4VAh5Uo=,cnsGUjlMRzf/viS8RLpVd+dltg0=
-16,-3,ZShUkHMsgiAew6XkwOwt4VAh5Uo=,/9JtmgqzgKIfwfPT0vWtC46Fu/Y=
-11,-2,ZShUkHMsgiAew6XkwOwt4VAh5Uo=,uE9gZHjROq1h8g5JxCnoJ8Glekw=
-13,-14,ZShUkHMsgiAew6XkwOwt4VAh5Uo=,cnsGUjlMRzf/viS8RLpVd+dltg0=
-10,-2,ZShUkHMsgiAew6XkwOwt4VAh5Uo=,uE9gZHjROq1h8g5JxCnoJ8Glekw=
-10,-4,ZShUkHMsgiAew6XkwOwt4VAh5Uo=,uE9gZHjROq1h8g5JxCnoJ8Glekw=
-10,-5,ZShUkHMsgiAew6XkwOwt4VAh5Uo=,+vXLAL/GQR2OKB0ugHyw139xbDk=
-14,-13,ZShUkHMsgiAew6XkwOwt4VAh5Uo=,cnsGUjlMRzf/viS8RLpVd+dltg0=
-10,-3,ZShUkHMsgiAew6XkwOwt4VAh5Uo=,uE9gZHjROq1h8g5JxCnoJ8Glekw=
-14,-14,ZShUkHMsgiAew6XkwOwt4VAh5Uo=,cnsGUjlMRzf/viS8RLpVd+dltg0=
-11,-3,ZShUkHMsgiAew6XkwOwt4VAh5Uo=,uE9gZHjROq1h8g5JxCnoJ8Glekw=
-15,-3,ZShUkHMsgiAew6XkwOwt4VAh5Uo=,/9JtmgqzgKIfwfPT0vWtC46Fu/Y=
-12,-16,ZShUkHMsgiAew6XkwOwt4VAh5Uo=,cnsGUjlMRzf/viS8RLpVd+dltg0=
-12,-2,ZShUkHMsgiAew6XkwOwt4VAh5Uo=,uE9gZHjROq1h8g5JxCnoJ8Glekw=
-13,-2,ZShUkHMsgiAew6XkwOwt4VAh5Uo=,/9JtmgqzgKIfwfPT0vWtC46Fu/Y=
-15,-14,ZShUkHMsgiAew6XkwOwt4VAh5Uo=,cnsGUjlMRzf/viS8RLpVd+dltg0=
-16,-14,ZShUkHMsgiAew6XkwOwt4VAh5Uo=,cnsGUjlMRzf/viS8RLpVd+dltg0=
-13,-13,ZShUkHMsgiAew6XkwOwt4VAh5Uo=,cnsGUjlMRzf/viS8RLpVd+dltg0=
-13,-12,ZShUkHMsgiAew6XkwOwt4VAh5Uo=,cU6pM/nIEOJ/sqjOH5g4ENMGQWA=
-12,-12,ZShUkHMsgiAew6XkwOwt4VAh5Uo=,L1pfY+/0+Eg1NBsaVizMhd7RVh8=
-14,-3,ZShUkHMsgiAew6XkwOwt4VAh5Uo=,/9JtmgqzgKIfwfPT0vWtC46Fu/Y=
-12,-3,ZShUkHMsgiAew6XkwOwt4VAh5Uo=,uE9gZHjROq1h8g5JxCnoJ8Glekw=
-14,-12,ZShUkHMsgiAew6XkwOwt4VAh5Uo=,cU6pM/nIEOJ/sqjOH5g4ENMGQWA=
-15,-12,ZShUkHMsgiAew6XkwOwt4VAh5Uo=,cU6pM/nIEOJ/sqjOH5g4ENMGQWA=
-13,-15,ZShUkHMsgiAew6XkwOwt4VAh5Uo=,cnsGUjlMRzf/viS8RLpVd+dltg0=
-16,-12,ZShUkHMsgiAew6XkwOwt4VAh5Uo=,cU6pM/nIEOJ/sqjOH5g4ENMGQWA=
-12,-14,ZShUkHMsgiAew6XkwOwt4VAh5Uo=,cnsGUjlMRzf/viS8RLpVd+dltg0=
-16,-9,ZShUkHMsgiAew6XkwOwt4VAh5Uo=,cU6pM/nIEOJ/sqjOH5g4ENMGQWA=
-14,-2,ZShUkHMsgiAew6XkwOwt4VAh5Uo=,/9JtmgqzgKIfwfPT0vWtC46Fu/Y=
-13,-3,ZShUkHMsgiAew6XkwOwt4VAh5Uo=,/9JtmgqzgKIfwfPT0vWtC46Fu/Y=
-13,-5,ZShUkHMsgiAew6XkwOwt4VAh5Uo=,cU6pM/nIEOJ/sqjOH5g4ENMGQWA=
-13,-8,ZShUkHMsgiAew6XkwOwt4VAh5Uo=,cU6pM/nIEOJ/sqjOH5g4ENMGQWA=
-13,-6,ZShUkHMsgiAew6XkwOwt4VAh5Uo=,cU6pM/nIEOJ/sqjOH5g4ENMGQWA=
-12,-6,ZShUkHMsgiAew6XkwOwt4VAh5Uo=,+vXLAL/GQR2OKB0ugHyw139xbDk=
-14,-8,ZShUkHMsgiAew6XkwOwt4VAh5Uo=,cU6pM/nIEOJ/sqjOH5g4ENMGQWA=
-16,-7,ZShUkHMsgiAew6XkwOwt4VAh5Uo=,cU6pM/nIEOJ/sqjOH5g4ENMGQWA=
-14,-6,ZShUkHMsgiAew6XkwOwt4VAh5Uo=,cU6pM/nIEOJ/sqjOH5g4ENMGQWA=
-16,-2,ZShUkHMsgiAew6XkwOwt4VAh5Uo=,/9JtmgqzgKIfwfPT0vWtC46Fu/Y=
-15,-8,ZShUkHMsgiAew6XkwOwt4VAh5Uo=,cU6pM/nIEOJ/sqjOH5g4ENMGQWA=
-15,-2,ZShUkHMsgiAew6XkwOwt4VAh5Uo=,/9JtmgqzgKIfwfPT0vWtC46Fu/Y=
-12,-4,ZShUkHMsgiAew6XkwOwt4VAh5Uo=,uE9gZHjROq1h8g5JxCnoJ8Glekw=
-12,-7,ZShUkHMsgiAew6XkwOwt4VAh5Uo=,+vXLAL/GQR2OKB0ugHyw139xbDk=
-14,-5,ZShUkHMsgiAew6XkwOwt4VAh5Uo=,cU6pM/nIEOJ/sqjOH5g4ENMGQWA=
-15,-7,ZShUkHMsgiAew6XkwOwt4VAh5Uo=,cU6pM/nIEOJ/sqjOH5g4ENMGQWA=
-15,-5,ZShUkHMsgiAew6XkwOwt4VAh5Uo=,cU6pM/nIEOJ/sqjOH5g4ENMGQWA=
-12,-9,ZShUkHMsgiAew6XkwOwt4VAh5Uo=,L1pfY+/0+Eg1NBsaVizMhd7RVh8=
-15,-6,ZShUkHMsgiAew6XkwOwt4VAh5Uo=,cU6pM/nIEOJ/sqjOH5g4ENMGQWA=
-16,-5,ZShUkHMsgiAew6XkwOwt4VAh5Uo=,cU6pM/nIEOJ/sqjOH5g4ENMGQWA=
-16,-4,ZShUkHMsgiAew6XkwOwt4VAh5Uo=,/9JtmgqzgKIfwfPT0vWtC46Fu/Y=
-16,-8,ZShUkHMsgiAew6XkwOwt4VAh5Uo=,cU6pM/nIEOJ/sqjOH5g4ENMGQWA=
-12,-8,ZShUkHMsgiAew6XkwOwt4VAh5Uo=,+vXLAL/GQR2OKB0ugHyw139xbDk=
-14,-7,ZShUkHMsgiAew6XkwOwt4VAh5Uo=,cU6pM/nIEOJ/sqjOH5g4ENMGQWA=
-14,-4,ZShUkHMsgiAew6XkwOwt4VAh5Uo=,/9JtmgqzgKIfwfPT0vWtC46Fu/Y=
-15,-4,ZShUkHMsgiAew6XkwOwt4VAh5Uo=,/9JtmgqzgKIfwfPT0vWtC46Fu/Y=
-16,-6,ZShUkHMsgiAew6XkwOwt4VAh5Uo=,cU6pM/nIEOJ/sqjOH5g4ENMGQWA=
-13,-9,ZShUkHMsgiAew6XkwOwt4VAh5Uo=,cU6pM/nIEOJ/sqjOH5g4ENMGQWA=
-14,-9,ZShUkHMsgiAew6XkwOwt4VAh5Uo=,cU6pM/nIEOJ/sqjOH5g4ENMGQWA=
-15,-9,ZShUkHMsgiAew6XkwOwt4VAh5Uo=,cU6pM/nIEOJ/sqjOH5g4ENMGQWA=
-13,-7,ZShUkHMsgiAew6XkwOwt4VAh5Uo=,cU6pM/nIEOJ/sqjOH5g4ENMGQWA=
-12,-5,ZShUkHMsgiAew6XkwOwt4VAh5Uo=,+vXLAL/GQR2OKB0ugHyw139xbDk=
-13,-4,ZShUkHMsgiAew6XkwOwt4VAh5Uo=,/9JtmgqzgKIfwfPT0vWtC46Fu/Y=
-1,-10,ZShUkHMsgiAew6XkwOwt4VAh5Uo=,GuadU3VbpTOKxBvdOA0pGX/W1JA=
-1,-11,ZShUkHMsgiAew6XkwOwt4VAh5Uo=,GuadU3VbpTOKxBvdOA0pGX/W1JA=
-1,-13,ZShUkHMsgiAew6XkwOwt4VAh5Uo=,vFh2Qui3b9TDwPmwJ1QRMjD8QTk=
-1,-16,ZShUkHMsgiAew6XkwOwt4VAh5Uo=,vFh2Qui3b9TDwPmwJ1QRMjD8QTk=
-1,-15,ZShUkHMsgiAew6XkwOwt4VAh5Uo=,vFh2Qui3b9TDwPmwJ1QRMjD8QTk=
-1,-14,ZShUkHMsgiAew6XkwOwt4VAh5Uo=,vFh2Qui3b9TDwPmwJ1QRMjD8QTk=
-1,-12,ZShUkHMsgiAew6XkwOwt4VAh5Uo=,GuadU3VbpTOKxBvdOA0pGX/W1JA=
-11,-1,ZShUkHMsgiAew6XkwOwt4VAh5Uo=,uE9gZHjROq1h8g5JxCnoJ8Glekw=
-10,-1,ZShUkHMsgiAew6XkwOwt4VAh5Uo=,uE9gZHjROq1h8g5JxCnoJ8Glekw=
-16,-1,ZShUkHMsgiAew6XkwOwt4VAh5Uo=,/9JtmgqzgKIfwfPT0vWtC46Fu/Y=
-12,-1,ZShUkHMsgiAew6XkwOwt4VAh5Uo=,uE9gZHjROq1h8g5JxCnoJ8Glekw=
-15,-1,ZShUkHMsgiAew6XkwOwt4VAh5Uo=,/9JtmgqzgKIfwfPT0vWtC46Fu/Y=
-14,-1,ZShUkHMsgiAew6XkwOwt4VAh5Uo=,/9JtmgqzgKIfwfPT0vWtC46Fu/Y=
-13,-1,ZShUkHMsgiAew6XkwOwt4VAh5Uo=,/9JtmgqzgKIfwfPT0vWtC46Fu/Y=
-8,-5,ZShUkHMsgiAew6XkwOwt4VAh5Uo=,qPN0oGI3azZ03T6Oahufdw7DJNQ=
-7,-5,ZShUkHMsgiAew6XkwOwt4VAh5Uo=,qPN0oGI3azZ03T6Oahufdw7DJNQ=
-6,-5,ZShUkHMsgiAew6XkwOwt4VAh5Uo=,qPN0oGI3azZ03T6Oahufdw7DJNQ=
-3,-2,ZShUkHMsgiAew6XkwOwt4VAh5Uo=,l6qNwodWWekPWNQIhXm6XMGAPU0=
-5,-2,ZShUkHMsgiAew6XkwOwt4VAh5Uo=,v8e4XuJ7gfJBNQqpDKZWKLXLeJ4=
-3,-1,ZShUkHMsgiAew6XkwOwt4VAh5Uo=,l6qNwodWWekPWNQIhXm6XMGAPU0=
-4,-1,ZShUkHMsgiAew6XkwOwt4VAh5Uo=,l6qNwodWWekPWNQIhXm6XMGAPU0=
-5,-1,ZShUkHMsgiAew6XkwOwt4VAh5Uo=,v8e4XuJ7gfJBNQqpDKZWKLXLeJ4=
-9,-2,ZShUkHMsgiAew6XkwOwt4VAh5Uo=,uE9gZHjROq1h8g5JxCnoJ8Glekw=
-4,-3,ZShUkHMsgiAew6XkwOwt4VAh5Uo=,l6qNwodWWekPWNQIhXm6XMGAPU0=
-4,-2,ZShUkHMsgiAew6XkwOwt4VAh5Uo=,l6qNwodWWekPWNQIhXm6XMGAPU0=
-1,-2,ZShUkHMsgiAew6XkwOwt4VAh5Uo=,l6qNwodWWekPWNQIhXm6XMGAPU0=
-5,-3,ZShUkHMsgiAew6XkwOwt4VAh5Uo=,v8e4XuJ7gfJBNQqpDKZWKLXLeJ4=
-2,-2,ZShUkHMsgiAew6XkwOwt4VAh5Uo=,l6qNwodWWekPWNQIhXm6XMGAPU0=
-3,-8,ZShUkHMsgiAew6XkwOwt4VAh5Uo=,IcgZavVrQMvwgBX4bjdD3GVXRwM=
-1,-3,ZShUkHMsgiAew6XkwOwt4VAh5Uo=,l6qNwodWWekPWNQIhXm6XMGAPU0=
-8,-4,ZShUkHMsgiAew6XkwOwt4VAh5Uo=,v8e4XuJ7gfJBNQqpDKZWKLXLeJ4=
-2,-1,ZShUkHMsgiAew6XkwOwt4VAh5Uo=,l6qNwodWWekPWNQIhXm6XMGAPU0=
-1,-5,ZShUkHMsgiAew6XkwOwt4VAh5Uo=,IcgZavVrQMvwgBX4bjdD3GVXRwM=
-5,-6,ZShUkHMsgiAew6XkwOwt4VAh5Uo=,qPN0oGI3azZ03T6Oahufdw7DJNQ=
-2,-3,ZShUkHMsgiAew6XkwOwt4VAh5Uo=,l6qNwodWWekPWNQIhXm6XMGAPU0=
-3,-3,ZShUkHMsgiAew6XkwOwt4VAh5Uo=,l6qNwodWWekPWNQIhXm6XMGAPU0=
-1,-1,ZShUkHMsgiAew6XkwOwt4VAh5Uo=,l6qNwodWWekPWNQIhXm6XMGAPU0=
-9,-5,ZShUkHMsgiAew6XkwOwt4VAh5Uo=,+vXLAL/GQR2OKB0ugHyw139xbDk=
-2,-5,ZShUkHMsgiAew6XkwOwt4VAh5Uo=,IcgZavVrQMvwgBX4bjdD3GVXRwM=
-4,-9,ZShUkHMsgiAew6XkwOwt4VAh5Uo=,GuadU3VbpTOKxBvdOA0pGX/W1JA=
-9,-3,ZShUkHMsgiAew6XkwOwt4VAh5Uo=,uE9gZHjROq1h8g5JxCnoJ8Glekw=
-6,-2,ZShUkHMsgiAew6XkwOwt4VAh5Uo=,v8e4XuJ7gfJBNQqpDKZWKLXLeJ4=
-7,-4,ZShUkHMsgiAew6XkwOwt4VAh5Uo=,v8e4XuJ7gfJBNQqpDKZWKLXLeJ4=
-7,-2,ZShUkHMsgiAew6XkwOwt4VAh5Uo=,v8e4XuJ7gfJBNQqpDKZWKLXLeJ4=
-9,-4,ZShUkHMsgiAew6XkwOwt4VAh5Uo=,uE9gZHjROq1h8g5JxCnoJ8Glekw=
-8,-2,ZShUkHMsgiAew6XkwOwt4VAh5Uo=,v8e4XuJ7gfJBNQqpDKZWKLXLeJ4=
-7,-1,ZShUkHMsgiAew6XkwOwt4VAh5Uo=,v8e4XuJ7gfJBNQqpDKZWKLXLeJ4=
-6,-1,ZShUkHMsgiAew6XkwOwt4VAh5Uo=,v8e4XuJ7gfJBNQqpDKZWKLXLeJ4=
-3,-9,ZShUkHMsgiAew6XkwOwt4VAh5Uo=,GuadU3VbpTOKxBvdOA0pGX/W1JA=
-6,-3,ZShUkHMsgiAew6XkwOwt4VAh5Uo=,v8e4XuJ7gfJBNQqpDKZWKLXLeJ4=
-6,-4,ZShUkHMsgiAew6XkwOwt4VAh5Uo=,v8e4XuJ7gfJBNQqpDKZWKLXLeJ4=
-9,-1,ZShUkHMsgiAew6XkwOwt4VAh5Uo=,uE9gZHjROq1h8g5JxCnoJ8Glekw=
-5,-7,ZShUkHMsgiAew6XkwOwt4VAh5Uo=,qPN0oGI3azZ03T6Oahufdw7DJNQ=
-8,-3,ZShUkHMsgiAew6XkwOwt4VAh5Uo=,v8e4XuJ7gfJBNQqpDKZWKLXLeJ4=
-1,-6,ZShUkHMsgiAew6XkwOwt4VAh5Uo=,IcgZavVrQMvwgBX4bjdD3GVXRwM=
-5,-8,ZShUkHMsgiAew6XkwOwt4VAh5Uo=,qPN0oGI3azZ03T6Oahufdw7DJNQ=
-5,-9,ZShUkHMsgiAew6XkwOwt4VAh5Uo=,jI9Y53X44h2t7wXCpmmEiS44i4E=
-4,-7,ZShUkHMsgiAew6XkwOwt4VAh5Uo=,IcgZavVrQMvwgBX4bjdD3GVXRwM=
-1,-8,ZShUkHMsgiAew6XkwOwt4VAh5Uo=,IcgZavVrQMvwgBX4bjdD3GVXRwM=
-3,-5,ZShUkHMsgiAew6XkwOwt4VAh5Uo=,IcgZavVrQMvwgBX4bjdD3GVXRwM=
-7,-3,ZShUkHMsgiAew6XkwOwt4VAh5Uo=,v8e4XuJ7gfJBNQqpDKZWKLXLeJ4=
-2,-7,ZShUkHMsgiAew6XkwOwt4VAh5Uo=,IcgZavVrQMvwgBX4bjdD3GVXRwM=
-4,-8,ZShUkHMsgiAew6XkwOwt4VAh5Uo=,IcgZavVrQMvwgBX4bjdD3GVXRwM=
-2,-6,ZShUkHMsgiAew6XkwOwt4VAh5Uo=,IcgZavVrQMvwgBX4bjdD3GVXRwM=
-8,-1,ZShUkHMsgiAew6XkwOwt4VAh5Uo=,v8e4XuJ7gfJBNQqpDKZWKLXLeJ4=
-1,-4,ZShUkHMsgiAew6XkwOwt4VAh5Uo=,l6qNwodWWekPWNQIhXm6XMGAPU0=
-3,-6,ZShUkHMsgiAew6XkwOwt4VAh5Uo=,IcgZavVrQMvwgBX4bjdD3GVXRwM=
-4,-6,ZShUkHMsgiAew6XkwOwt4VAh5Uo=,IcgZavVrQMvwgBX4bjdD3GVXRwM=
-2,-8,ZShUkHMsgiAew6XkwOwt4VAh5Uo=,IcgZavVrQMvwgBX4bjdD3GVXRwM=
-2,-4,ZShUkHMsgiAew6XkwOwt4VAh5Uo=,l6qNwodWWekPWNQIhXm6XMGAPU0=
-1,-7,ZShUkHMsgiAew6XkwOwt4VAh5Uo=,IcgZavVrQMvwgBX4bjdD3GVXRwM=
-1,-9,ZShUkHMsgiAew6XkwOwt4VAh5Uo=,GuadU3VbpTOKxBvdOA0pGX/W1JA=
-5,-4,ZShUkHMsgiAew6XkwOwt4VAh5Uo=,v8e4XuJ7gfJBNQqpDKZWKLXLeJ4=
-4,-5,ZShUkHMsgiAew6XkwOwt4VAh5Uo=,IcgZavVrQMvwgBX4bjdD3GVXRwM=
-2,-9,ZShUkHMsgiAew6XkwOwt4VAh5Uo=,GuadU3VbpTOKxBvdOA0pGX/W1JA=
-3,-4,ZShUkHMsgiAew6XkwOwt4VAh5Uo=,l6qNwodWWekPWNQIhXm6XMGAPU0=
-3,-7,ZShUkHMsgiAew6XkwOwt4VAh5Uo=,IcgZavVrQMvwgBX4bjdD3GVXRwM=
-5,-5,ZShUkHMsgiAew6XkwOwt4VAh5Uo=,qPN0oGI3azZ03T6Oahufdw7DJNQ=
-4,-4,ZShUkHMsgiAew6XkwOwt4VAh5Uo=,l6qNwodWWekPWNQIhXm6XMGAPU0=
