3,33,4Uj1ubZpyAHoaTvtf8phItCc0dk=,Zz8vd2q8a2wRU/UeoSlG0RYBgzQ=
3,34,4Uj1ubZpyAHoaTvtf8phItCc0dk=,NqXf57h9szjG/xmHpGHfOvazcjA=
4,33,4Uj1ubZpyAHoaTvtf8phItCc0dk=,ciqlscGBigEJ0bquUUQIXZ4+urw=
4,34,4Uj1ubZpyAHoaTvtf8phItCc0dk=,R+y8Q9ZCFFcTmopPMZQhT30pB90=
3,36,4Uj1ubZpyAHoaTvtf8phItCc0dk=,2paZuTgzbuDlntxPAi3QX9A4EQ8=
3,35,4Uj1ubZpyAHoaTvtf8phItCc0dk=,NqXf57h9szjG/xmHpGHfOvazcjA=
4,36,4Uj1ubZpyAHoaTvtf8phItCc0dk=,uRuCDu1ZsXtZd53syZr24ebvV2c=
3,38,4Uj1ubZpyAHoaTvtf8phItCc0dk=,ylTmChQOb6MXhZ5KLOqeJmruP8c=
3,37,4Uj1ubZpyAHoaTvtf8phItCc0dk=,2paZuTgzbuDlntxPAi3QX9A4EQ8=
4,35,4Uj1ubZpyAHoaTvtf8phItCc0dk=,R+y8Q9ZCFFcTmopPMZQhT30pB90=
4,37,4Uj1ubZpyAHoaTvtf8phItCc0dk=,uRuCDu1ZsXtZd53syZr24ebvV2c=
4,38,4Uj1ubZpyAHoaTvtf8phItCc0dk=,MLdiCvH1bSVas0QY8ILsxZramM0=
3,40,4Uj1ubZpyAHoaTvtf8phItCc0dk=,t5vRQuCQhpPeWhfN55wh2d6QWgY=
3,39,4Uj1ubZpyAHoaTvtf8phItCc0dk=,ylTmChQOb6MXhZ5KLOqeJmruP8c=
4,40,4Uj1ubZpyAHoaTvtf8phItCc0dk=,JCG5p9Mm5o4V/kFktx4LDkk4kRs=
6,39,4Uj1ubZpyAHoaTvtf8phItCc0dk=,/VyPjGwCxQy+3i7S7sB/2zEjYOw=
5,39,4Uj1ubZpyAHoaTvtf8phItCc0dk=,MLdiCvH1bSVas0QY8ILsxZramM0=
6,40,4Uj1ubZpyAHoaTvtf8phItCc0dk=,bTjbBhGYPtYHv3Q2bka+RtXxPFI=
5,40,4Uj1ubZpyAHoaTvtf8phItCc0dk=,JCG5p9Mm5o4V/kFktx4LDkk4kRs=
4,39,4Uj1ubZpyAHoaTvtf8phItCc0dk=,MLdiCvH1bSVas0QY8ILsxZramM0=
3,42,4Uj1ubZpyAHoaTvtf8phItCc0dk=,bB7j3wlRJQTeQPifNeN9wL0T+hI=
3,41,4Uj1ubZpyAHoaTvtf8phItCc0dk=,t5vRQuCQhpPeWhfN55wh2d6QWgY=
4,42,4Uj1ubZpyAHoaTvtf8phItCc0dk=,hjxt1jMqy0WLp990R3fGmElNs6A=
4,41,4Uj1ubZpyAHoaTvtf8phItCc0dk=,JCG5p9Mm5o4V/kFktx4LDkk4kRs=
4,43,4Uj1ubZpyAHoaTvtf8phItCc0dk=,hjxt1jMqy0WLp990R3fGmElNs6A=
3,43,4Uj1ubZpyAHoaTvtf8phItCc0dk=,bB7j3wlRJQTeQPifNeN9wL0T+hI=
3,44,4Uj1ubZpyAHoaTvtf8phItCc0dk=,EP0eUuVuKW1H8Mn1xiQlLP97uWI=
4,44,4Uj1ubZpyAHoaTvtf8phItCc0dk=,m+smRVGqMYsQHZAF/FZNGY2nADo=
3,46,UDCkbKsgTbbpugWS++kmwGoRQvg=,X1NbCTalR5fLYyo4w08bMCWrNZw=
4,46,UDCkbKsgTbbpugWS++kmwGoRQvg=,n+sW2bnaOAan4eqPCDgFYqYJmJQ=
4,45,UDCkbKsgTbbpugWS++kmwGoRQvg=,m+smRVGqMYsQHZAF/FZNGY2nADo=
3,45,UDCkbKsgTbbpugWS++kmwGoRQvg=,EP0eUuVuKW1H8Mn1xiQlLP97uWI=
6,46,UDCkbKsgTbbpugWS++kmwGoRQvg=,wqSQAKXF9U7yJcatSMyh6SABVZ0=
6,45,UDCkbKsgTbbpugWS++kmwGoRQvg=,hqBxxX8AzZaag4MO1BmJ8pES1Z4=
5,45,UDCkbKsgTbbpugWS++kmwGoRQvg=,m+smRVGqMYsQHZAF/FZNGY2nADo=
5,46,UDCkbKsgTbbpugWS++kmwGoRQvg=,n+sW2bnaOAan4eqPCDgFYqYJmJQ=
5,43,UDCkbKsgTbbpugWS++kmwGoRQvg=,hjxt1jMqy0WLp990R3fGmElNs6A=
6,42,UDCkbKsgTbbpugWS++kmwGoRQvg=,rhFtegQ7OhtNscfm7sPYhwd6Mgs=
5,44,UDCkbKsgTbbpugWS++kmwGoRQvg=,m+smRVGqMYsQHZAF/FZNGY2nADo=
5,42,UDCkbKsgTbbpugWS++kmwGoRQvg=,hjxt1jMqy0WLp990R3fGmElNs6A=
6,43,UDCkbKsgTbbpugWS++kmwGoRQvg=,rhFtegQ7OhtNscfm7sPYhwd6Mgs=
5,41,UDCkbKsgTbbpugWS++kmwGoRQvg=,JCG5p9Mm5o4V/kFktx4LDkk4kRs=
6,44,UDCkbKsgTbbpugWS++kmwGoRQvg=,hqBxxX8AzZaag4MO1BmJ8pES1Z4=
6,41,UDCkbKsgTbbpugWS++kmwGoRQvg=,bTjbBhGYPtYHv3Q2bka+RtXxPFI=
8,44,UDCkbKsgTbbpugWS++kmwGoRQvg=,AOtDC6m6HMRVop33EMaGE1kRMVY=
7,43,UDCkbKsgTbbpugWS++kmwGoRQvg=,rhFtegQ7OhtNscfm7sPYhwd6Mgs=
7,44,UDCkbKsgTbbpugWS++kmwGoRQvg=,hqBxxX8AzZaag4MO1BmJ8pES1Z4=
8,43,UDCkbKsgTbbpugWS++kmwGoRQvg=,K2Wqg4iT6IIinSJuSHgAzIc1FKw=
8,46,UDCkbKsgTbbpugWS++kmwGoRQvg=,Wyd6Y2IkzXKGcQb5eJyE9jL6YCo=
8,45,UDCkbKsgTbbpugWS++kmwGoRQvg=,AOtDC6m6HMRVop33EMaGE1kRMVY=
7,46,UDCkbKsgTbbpugWS++kmwGoRQvg=,wqSQAKXF9U7yJcatSMyh6SABVZ0=
7,45,UDCkbKsgTbbpugWS++kmwGoRQvg=,hqBxxX8AzZaag4MO1BmJ8pES1Z4=
8,42,UDCkbKsgTbbpugWS++kmwGoRQvg=,K2Wqg4iT6IIinSJuSHgAzIc1FKw=
7,41,UDCkbKsgTbbpugWS++kmwGoRQvg=,bTjbBhGYPtYHv3Q2bka+RtXxPFI=
8,41,UDCkbKsgTbbpugWS++kmwGoRQvg=,MchElRLdA36CdpdB3/JUXx5m8gM=
7,42,UDCkbKsgTbbpugWS++kmwGoRQvg=,rhFtegQ7OhtNscfm7sPYhwd6Mgs=
9,44,UDCkbKsgTbbpugWS++kmwGoRQvg=,AOtDC6m6HMRVop33EMaGE1kRMVY=
9,43,UDCkbKsgTbbpugWS++kmwGoRQvg=,K2Wqg4iT6IIinSJuSHgAzIc1FKw=
10,43,UDCkbKsgTbbpugWS++kmwGoRQvg=,xomC1CwPmSBXeLn51rEMmTW2Bzk=
10,44,UDCkbKsgTbbpugWS++kmwGoRQvg=,hg6wxQD+42oS2fVU0z5M9Uk+o7k=
9,42,UDCkbKsgTbbpugWS++kmwGoRQvg=,K2Wqg4iT6IIinSJuSHgAzIc1FKw=
9,41,UDCkbKsgTbbpugWS++kmwGoRQvg=,MchElRLdA36CdpdB3/JUXx5m8gM=
10,42,UDCkbKsgTbbpugWS++kmwGoRQvg=,xomC1CwPmSBXeLn51rEMmTW2Bzk=
10,41,UDCkbKsgTbbpugWS++kmwGoRQvg=,grrv8Ndeectqh4CpvWu5mlwyA6w=
11,42,UDCkbKsgTbbpugWS++kmwGoRQvg=,xomC1CwPmSBXeLn51rEMmTW2Bzk=
11,41,UDCkbKsgTbbpugWS++kmwGoRQvg=,grrv8Ndeectqh4CpvWu5mlwyA6w=
12,41,UDCkbKsgTbbpugWS++kmwGoRQvg=,KWp7WkmoAWt32KbX0VeQogF0mnw=
12,42,UDCkbKsgTbbpugWS++kmwGoRQvg=,PkL/ERyMURNeEZtuCa8yEWe+nHE=
11,44,Qnu8XaRs8D5veJ8QqzLqX/tVX8A=,hg6wxQD+42oS2fVU0z5M9Uk+o7k=
12,43,Qnu8XaRs8D5veJ8QqzLqX/tVX8A=,PkL/ERyMURNeEZtuCa8yEWe+nHE=
11,43,Qnu8XaRs8D5veJ8QqzLqX/tVX8A=,xomC1CwPmSBXeLn51rEMmTW2Bzk=
12,44,Qnu8XaRs8D5veJ8QqzLqX/tVX8A=,TKhtxVymBlHfVtaL8ARtUrC3whQ=
14,40,Qnu8XaRs8D5veJ8QqzLqX/tVX8A=,mDCUNs0Fh2FBZYDymTTqgZEBPM4=
13,39,Qnu8XaRs8D5veJ8QqzLqX/tVX8A=,kwIlqhh1cnG/tiFbDLsl9L6n2tE=
13,40,Qnu8XaRs8D5veJ8QqzLqX/tVX8A=,KWp7WkmoAWt32KbX0VeQogF0mnw=
14,39,Qnu8XaRs8D5veJ8QqzLqX/tVX8A=,6vEfbjtuWgstRQUgMalFf8lZ5I0=
14,42,Qnu8XaRs8D5veJ8QqzLqX/tVX8A=,AUFS0nv1wZduSrkJUDDkA+aheVw=
13,42,Qnu8XaRs8D5veJ8QqzLqX/tVX8A=,PkL/ERyMURNeEZtuCa8yEWe+nHE=
13,41,Qnu8XaRs8D5veJ8QqzLqX/tVX8A=,KWp7WkmoAWt32KbX0VeQogF0mnw=
13,38,Qnu8XaRs8D5veJ8QqzLqX/tVX8A=,kwIlqhh1cnG/tiFbDLsl9L6n2tE=
14,41,Qnu8XaRs8D5veJ8QqzLqX/tVX8A=,mDCUNs0Fh2FBZYDymTTqgZEBPM4=
14,38,Qnu8XaRs8D5veJ8QqzLqX/tVX8A=,6vEfbjtuWgstRQUgMalFf8lZ5I0=
13,37,Qnu8XaRs8D5veJ8QqzLqX/tVX8A=,T156r4hlhHIWFmffxDQe74u3DCM=
14,37,Qnu8XaRs8D5veJ8QqzLqX/tVX8A=,rwdUt3zBkQAmMecC8oJt7b+H1f0=
14,36,Qnu8XaRs8D5veJ8QqzLqX/tVX8A=,rwdUt3zBkQAmMecC8oJt7b+H1f0=
13,36,Qnu8XaRs8D5veJ8QqzLqX/tVX8A=,T156r4hlhHIWFmffxDQe74u3DCM=
13,34,Qnu8XaRs8D5veJ8QqzLqX/tVX8A=,yJwkRhKwZw2CFh/M/aNR1DtI6wM=
13,35,Qnu8XaRs8D5veJ8QqzLqX/tVX8A=,yJwkRhKwZw2CFh/M/aNR1DtI6wM=
14,34,Qnu8XaRs8D5veJ8QqzLqX/tVX8A=,zxGpPNDkUCRP+5sbOK0hZozDfdA=
14,35,Qnu8XaRs8D5veJ8QqzLqX/tVX8A=,zxGpPNDkUCRP+5sbOK0hZozDfdA=
13,33,Qnu8XaRs8D5veJ8QqzLqX/tVX8A=,pgonTPo8y3ASyw6FxEyfw6MsObQ=
14,33,Qnu8XaRs8D5veJ8QqzLqX/tVX8A=,0xqzPTp++7h++E0xF77zOPgjFPQ=
11,34,Qnu8XaRs8D5veJ8QqzLqX/tVX8A=,6TfT3HslRbCG66GzP/ypgUo0Jq4=
12,33,Qnu8XaRs8D5veJ8QqzLqX/tVX8A=,pgonTPo8y3ASyw6FxEyfw6MsObQ=
11,33,Qnu8XaRs8D5veJ8QqzLqX/tVX8A=,tjq3Gh870A8rpA+Bxf/AybRiUtI=
12,34,Qnu8XaRs8D5veJ8QqzLqX/tVX8A=,yJwkRhKwZw2CFh/M/aNR1DtI6wM=
11,40,Qnu8XaRs8D5veJ8QqzLqX/tVX8A=,grrv8Ndeectqh4CpvWu5mlwyA6w=
11,38,Qnu8XaRs8D5veJ8QqzLqX/tVX8A=,cKGmuTGZ57n6fTd8gUhAyHBHLpA=
11,36,Qnu8XaRs8D5veJ8QqzLqX/tVX8A=,s6fGwl6p08C7xAgVAyRr4RYNE8M=
12,40,Qnu8XaRs8D5veJ8QqzLqX/tVX8A=,KWp7WkmoAWt32KbX0VeQogF0mnw=
12,38,Qnu8XaRs8D5veJ8QqzLqX/tVX8A=,kwIlqhh1cnG/tiFbDLsl9L6n2tE=
12,39,Qnu8XaRs8D5veJ8QqzLqX/tVX8A=,kwIlqhh1cnG/tiFbDLsl9L6n2tE=
11,39,Qnu8XaRs8D5veJ8QqzLqX/tVX8A=,cKGmuTGZ57n6fTd8gUhAyHBHLpA=
11,35,Qnu8XaRs8D5veJ8QqzLqX/tVX8A=,6TfT3HslRbCG66GzP/ypgUo0Jq4=
12,36,Qnu8XaRs8D5veJ8QqzLqX/tVX8A=,T156r4hlhHIWFmffxDQe74u3DCM=
12,35,Qnu8XaRs8D5veJ8QqzLqX/tVX8A=,yJwkRhKwZw2CFh/M/aNR1DtI6wM=
12,37,Qnu8XaRs8D5veJ8QqzLqX/tVX8A=,T156r4hlhHIWFmffxDQe74u3DCM=
8,40,QOvGdkBdWSsdHQYjfq6Uu4zsdsM=,MchElRLdA36CdpdB3/JUXx5m8gM=
11,37,QOvGdkBdWSsdHQYjfq6Uu4zsdsM=,s6fGwl6p08C7xAgVAyRr4RYNE8M=
7,40,QOvGdkBdWSsdHQYjfq6Uu4zsdsM=,bTjbBhGYPtYHv3Q2bka+RtXxPFI=
9,40,QOvGdkBdWSsdHQYjfq6Uu4zsdsM=,MchElRLdA36CdpdB3/JUXx5m8gM=
7,39,QOvGdkBdWSsdHQYjfq6Uu4zsdsM=,/VyPjGwCxQy+3i7S7sB/2zEjYOw=
10,40,QOvGdkBdWSsdHQYjfq6Uu4zsdsM=,grrv8Ndeectqh4CpvWu5mlwyA6w=
10,39,QOvGdkBdWSsdHQYjfq6Uu4zsdsM=,cKGmuTGZ57n6fTd8gUhAyHBHLpA=
9,38,QOvGdkBdWSsdHQYjfq6Uu4zsdsM=,Htau014IVn97irC4N+K6mQzplT8=
10,38,QOvGdkBdWSsdHQYjfq6Uu4zsdsM=,cKGmuTGZ57n6fTd8gUhAyHBHLpA=
8,39,QOvGdkBdWSsdHQYjfq6Uu4zsdsM=,Htau014IVn97irC4N+K6mQzplT8=
9,39,QOvGdkBdWSsdHQYjfq6Uu4zsdsM=,Htau014IVn97irC4N+K6mQzplT8=
10,37,QOvGdkBdWSsdHQYjfq6Uu4zsdsM=,s6fGwl6p08C7xAgVAyRr4RYNE8M=
9,37,QOvGdkBdWSsdHQYjfq6Uu4zsdsM=,jiUMU4BZLCpgio7LnpPsTIDOtac=
6,37,QOvGdkBdWSsdHQYjfq6Uu4zsdsM=,LzOx0ePeBQIhNIYcHLWKKcUgqBQ=
5,37,QOvGdkBdWSsdHQYjfq6Uu4zsdsM=,uRuCDu1ZsXtZd53syZr24ebvV2c=
7,37,QOvGdkBdWSsdHQYjfq6Uu4zsdsM=,LzOx0ePeBQIhNIYcHLWKKcUgqBQ=
6,38,QOvGdkBdWSsdHQYjfq6Uu4zsdsM=,/VyPjGwCxQy+3i7S7sB/2zEjYOw=
7,38,QOvGdkBdWSsdHQYjfq6Uu4zsdsM=,/VyPjGwCxQy+3i7S7sB/2zEjYOw=
5,38,QOvGdkBdWSsdHQYjfq6Uu4zsdsM=,MLdiCvH1bSVas0QY8ILsxZramM0=
8,38,QOvGdkBdWSsdHQYjfq6Uu4zsdsM=,Htau014IVn97irC4N+K6mQzplT8=
8,37,QOvGdkBdWSsdHQYjfq6Uu4zsdsM=,jiUMU4BZLCpgio7LnpPsTIDOtac=
6,36,QOvGdkBdWSsdHQYjfq6Uu4zsdsM=,LzOx0ePeBQIhNIYcHLWKKcUgqBQ=
5,36,QOvGdkBdWSsdHQYjfq6Uu4zsdsM=,uRuCDu1ZsXtZd53syZr24ebvV2c=
6,35,QOvGdkBdWSsdHQYjfq6Uu4zsdsM=,4dVd9Xn1a26/l3JezFcGbft8YWw=
3,32,QOvGdkBdWSsdHQYjfq6Uu4zsdsM=,Zz8vd2q8a2wRU/UeoSlG0RYBgzQ=
5,35,QOvGdkBdWSsdHQYjfq6Uu4zsdsM=,R+y8Q9ZCFFcTmopPMZQhT30pB90=
4,32,QOvGdkBdWSsdHQYjfq6Uu4zsdsM=,ciqlscGBigEJ0bquUUQIXZ4+urw=
11,32,QOvGdkBdWSsdHQYjfq6Uu4zsdsM=,tjq3Gh870A8rpA+Bxf/AybRiUtI=
12,32,QOvGdkBdWSsdHQYjfq6Uu4zsdsM=,pgonTPo8y3ASyw6FxEyfw6MsObQ=
13,32,QOvGdkBdWSsdHQYjfq6Uu4zsdsM=,pgonTPo8y3ASyw6FxEyfw6MsObQ=
14,32,QOvGdkBdWSsdHQYjfq6Uu4zsdsM=,0xqzPTp++7h++E0xF77zOPgjFPQ=
15,34,QOvGdkBdWSsdHQYjfq6Uu4zsdsM=,zxGpPNDkUCRP+5sbOK0hZozDfdA=
15,33,QOvGdkBdWSsdHQYjfq6Uu4zsdsM=,0xqzPTp++7h++E0xF77zOPgjFPQ=
6,32,QOvGdkBdWSsdHQYjfq6Uu4zsdsM=,rXxbSt8sWByICBpiv88ZgRU/zEQ=
6,33,QOvGdkBdWSsdHQYjfq6Uu4zsdsM=,rXxbSt8sWByICBpiv88ZgRU/zEQ=
15,36,QOvGdkBdWSsdHQYjfq6Uu4zsdsM=,rwdUt3zBkQAmMecC8oJt7b+H1f0=
7,36,QOvGdkBdWSsdHQYjfq6Uu4zsdsM=,LzOx0ePeBQIhNIYcHLWKKcUgqBQ=
10,32,QOvGdkBdWSsdHQYjfq6Uu4zsdsM=,tjq3Gh870A8rpA+Bxf/AybRiUtI=
7,32,QOvGdkBdWSsdHQYjfq6Uu4zsdsM=,rXxbSt8sWByICBpiv88ZgRU/zEQ=
10,33,QOvGdkBdWSsdHQYjfq6Uu4zsdsM=,tjq3Gh870A8rpA+Bxf/AybRiUtI=
6,34,QOvGdkBdWSsdHQYjfq6Uu4zsdsM=,4dVd9Xn1a26/l3JezFcGbft8YWw=
10,36,QOvGdkBdWSsdHQYjfq6Uu4zsdsM=,s6fGwl6p08C7xAgVAyRr4RYNE8M=
9,35,QOvGdkBdWSsdHQYjfq6Uu4zsdsM=,VeBFCvYm2pFMY3uQmW9tzimZsPo=
10,35,QOvGdkBdWSsdHQYjfq6Uu4zsdsM=,6TfT3HslRbCG66GzP/ypgUo0Jq4=
8,36,QOvGdkBdWSsdHQYjfq6Uu4zsdsM=,jiUMU4BZLCpgio7LnpPsTIDOtac=
15,38,QOvGdkBdWSsdHQYjfq6Uu4zsdsM=,6vEfbjtuWgstRQUgMalFf8lZ5I0=
7,35,QOvGdkBdWSsdHQYjfq6Uu4zsdsM=,4dVd9Xn1a26/l3JezFcGbft8YWw=
9,36,QOvGdkBdWSsdHQYjfq6Uu4zsdsM=,jiUMU4BZLCpgio7LnpPsTIDOtac=
10,34,QOvGdkBdWSsdHQYjfq6Uu4zsdsM=,6TfT3HslRbCG66GzP/ypgUo0Jq4=
5,33,QOvGdkBdWSsdHQYjfq6Uu4zsdsM=,ciqlscGBigEJ0bquUUQIXZ4+urw=
9,33,QOvGdkBdWSsdHQYjfq6Uu4zsdsM=,PapmNtzMCYQUsatRfSOYoF50lMw=
15,35,QOvGdkBdWSsdHQYjfq6Uu4zsdsM=,zxGpPNDkUCRP+5sbOK0hZozDfdA=
5,32,QOvGdkBdWSsdHQYjfq6Uu4zsdsM=,ciqlscGBigEJ0bquUUQIXZ4+urw=
8,33,QOvGdkBdWSsdHQYjfq6Uu4zsdsM=,PapmNtzMCYQUsatRfSOYoF50lMw=
15,37,QOvGdkBdWSsdHQYjfq6Uu4zsdsM=,rwdUt3zBkQAmMecC8oJt7b+H1f0=
8,35,QOvGdkBdWSsdHQYjfq6Uu4zsdsM=,VeBFCvYm2pFMY3uQmW9tzimZsPo=
15,40,QOvGdkBdWSsdHQYjfq6Uu4zsdsM=,mDCUNs0Fh2FBZYDymTTqgZEBPM4=
7,33,QOvGdkBdWSsdHQYjfq6Uu4zsdsM=,rXxbSt8sWByICBpiv88ZgRU/zEQ=
15,42,QOvGdkBdWSsdHQYjfq6Uu4zsdsM=,AUFS0nv1wZduSrkJUDDkA+aheVw=
9,32,QOvGdkBdWSsdHQYjfq6Uu4zsdsM=,PapmNtzMCYQUsatRfSOYoF50lMw=
5,34,QOvGdkBdWSsdHQYjfq6Uu4zsdsM=,R+y8Q9ZCFFcTmopPMZQhT30pB90=
7,34,QOvGdkBdWSsdHQYjfq6Uu4zsdsM=,4dVd9Xn1a26/l3JezFcGbft8YWw=
8,34,QOvGdkBdWSsdHQYjfq6Uu4zsdsM=,VeBFCvYm2pFMY3uQmW9tzimZsPo=
8,32,QOvGdkBdWSsdHQYjfq6Uu4zsdsM=,PapmNtzMCYQUsatRfSOYoF50lMw=
9,34,QOvGdkBdWSsdHQYjfq6Uu4zsdsM=,VeBFCvYm2pFMY3uQmW9tzimZsPo=
15,39,QOvGdkBdWSsdHQYjfq6Uu4zsdsM=,6vEfbjtuWgstRQUgMalFf8lZ5I0=
15,41,QOvGdkBdWSsdHQYjfq6Uu4zsdsM=,mDCUNs0Fh2FBZYDymTTqgZEBPM4=
13,44,QOvGdkBdWSsdHQYjfq6Uu4zsdsM=,TKhtxVymBlHfVtaL8ARtUrC3whQ=
14,43,QOvGdkBdWSsdHQYjfq6Uu4zsdsM=,AUFS0nv1wZduSrkJUDDkA+aheVw=
13,43,QOvGdkBdWSsdHQYjfq6Uu4zsdsM=,PkL/ERyMURNeEZtuCa8yEWe+nHE=
13,46,QOvGdkBdWSsdHQYjfq6Uu4zsdsM=,2pQCXYl7MYjSIiH/7eiwvHX4rWI=
14,45,QOvGdkBdWSsdHQYjfq6Uu4zsdsM=,c6/eXCdFMnq6jb/rwbJeWTK4J+I=
14,46,QOvGdkBdWSsdHQYjfq6Uu4zsdsM=,vz/h1UVdJa7yUhfc+S5oZnkqeAo=
14,44,QOvGdkBdWSsdHQYjfq6Uu4zsdsM=,c6/eXCdFMnq6jb/rwbJeWTK4J+I=
15,44,QOvGdkBdWSsdHQYjfq6Uu4zsdsM=,c6/eXCdFMnq6jb/rwbJeWTK4J+I=
13,45,QOvGdkBdWSsdHQYjfq6Uu4zsdsM=,TKhtxVymBlHfVtaL8ARtUrC3whQ=
10,46,QOvGdkBdWSsdHQYjfq6Uu4zsdsM=,jkb9Ccy757kZjy3+Y0VuNCWtPx8=
15,43,QOvGdkBdWSsdHQYjfq6Uu4zsdsM=,AUFS0nv1wZduSrkJUDDkA+aheVw=
11,47,QOvGdkBdWSsdHQYjfq6Uu4zsdsM=,jkb9Ccy757kZjy3+Y0VuNCWtPx8=
12,47,QOvGdkBdWSsdHQYjfq6Uu4zsdsM=,2pQCXYl7MYjSIiH/7eiwvHX4rWI=
12,45,QOvGdkBdWSsdHQYjfq6Uu4zsdsM=,TKhtxVymBlHfVtaL8ARtUrC3whQ=
12,46,QOvGdkBdWSsdHQYjfq6Uu4zsdsM=,2pQCXYl7MYjSIiH/7eiwvHX4rWI=
15,47,QOvGdkBdWSsdHQYjfq6Uu4zsdsM=,vz/h1UVdJa7yUhfc+S5oZnkqeAo=
10,45,QOvGdkBdWSsdHQYjfq6Uu4zsdsM=,hg6wxQD+42oS2fVU0z5M9Uk+o7k=
14,47,QOvGdkBdWSsdHQYjfq6Uu4zsdsM=,vz/h1UVdJa7yUhfc+S5oZnkqeAo=
11,45,QOvGdkBdWSsdHQYjfq6Uu4zsdsM=,hg6wxQD+42oS2fVU0z5M9Uk+o7k=
15,46,QOvGdkBdWSsdHQYjfq6Uu4zsdsM=,vz/h1UVdJa7yUhfc+S5oZnkqeAo=
15,45,QOvGdkBdWSsdHQYjfq6Uu4zsdsM=,c6/eXCdFMnq6jb/rwbJeWTK4J+I=
11,46,QOvGdkBdWSsdHQYjfq6Uu4zsdsM=,jkb9Ccy757kZjy3+Y0VuNCWtPx8=
9,46,QOvGdkBdWSsdHQYjfq6Uu4zsdsM=,Wyd6Y2IkzXKGcQb5eJyE9jL6YCo=
9,45,QOvGdkBdWSsdHQYjfq6Uu4zsdsM=,AOtDC6m6HMRVop33EMaGE1kRMVY=
13,47,QOvGdkBdWSsdHQYjfq6Uu4zsdsM=,2pQCXYl7MYjSIiH/7eiwvHX4rWI=
0,39,QOvGdkBdWSsdHQYjfq6Uu4zsdsM=,6cuCtv46c5CN1qCXOmUXfnadzBU=
1,37,QOvGdkBdWSsdHQYjfq6Uu4zsdsM=,+9lhpL4PFcLgBGOdQxuHnGhxSbE=
0,38,QOvGdkBdWSsdHQYjfq6Uu4zsdsM=,6cuCtv46c5CN1qCXOmUXfnadzBU=
1,38,QOvGdkBdWSsdHQYjfq6Uu4zsdsM=,6cuCtv46c5CN1qCXOmUXfnadzBU=
1,39,QOvGdkBdWSsdHQYjfq6Uu4zsdsM=,6cuCtv46c5CN1qCXOmUXfnadzBU=
0,37,QOvGdkBdWSsdHQYjfq6Uu4zsdsM=,+9lhpL4PFcLgBGOdQxuHnGhxSbE=
0,40,QOvGdkBdWSsdHQYjfq6Uu4zsdsM=,IAV1H7f0R7kVcDV6/s1MdsZHWuE=
2,38,QOvGdkBdWSsdHQYjfq6Uu4zsdsM=,ylTmChQOb6MXhZ5KLOqeJmruP8c=
0,35,QOvGdkBdWSsdHQYjfq6Uu4zsdsM=,Ldp0+4fzjfQTw6eoywUSsjaI3Tw=
2,37,QOvGdkBdWSsdHQYjfq6Uu4zsdsM=,2paZuTgzbuDlntxPAi3QX9A4EQ8=
1,40,QOvGdkBdWSsdHQYjfq6Uu4zsdsM=,IAV1H7f0R7kVcDV6/s1MdsZHWuE=
2,36,QOvGdkBdWSsdHQYjfq6Uu4zsdsM=,2paZuTgzbuDlntxPAi3QX9A4EQ8=
0,36,QOvGdkBdWSsdHQYjfq6Uu4zsdsM=,+9lhpL4PFcLgBGOdQxuHnGhxSbE=
1,36,QOvGdkBdWSsdHQYjfq6Uu4zsdsM=,+9lhpL4PFcLgBGOdQxuHnGhxSbE=
2,35,QOvGdkBdWSsdHQYjfq6Uu4zsdsM=,NqXf57h9szjG/xmHpGHfOvazcjA=
2,40,QOvGdkBdWSsdHQYjfq6Uu4zsdsM=,t5vRQuCQhpPeWhfN55wh2d6QWgY=
2,39,QOvGdkBdWSsdHQYjfq6Uu4zsdsM=,ylTmChQOb6MXhZ5KLOqeJmruP8c=
1,35,QOvGdkBdWSsdHQYjfq6Uu4zsdsM=,Ldp0+4fzjfQTw6eoywUSsjaI3Tw=
3,47,QOvGdkBdWSsdHQYjfq6Uu4zsdsM=,X1NbCTalR5fLYyo4w08bMCWrNZw=
0,41,QOvGdkBdWSsdHQYjfq6Uu4zsdsM=,IAV1H7f0R7kVcDV6/s1MdsZHWuE=
1,41,QOvGdkBdWSsdHQYjfq6Uu4zsdsM=,IAV1H7f0R7kVcDV6/s1MdsZHWuE=
6,47,QOvGdkBdWSsdHQYjfq6Uu4zsdsM=,wqSQAKXF9U7yJcatSMyh6SABVZ0=
0,42,QOvGdkBdWSsdHQYjfq6Uu4zsdsM=,0A9vrZrRBwABZlysIiVD+bbv+E0=
2,41,QOvGdkBdWSsdHQYjfq6Uu4zsdsM=,t5vRQuCQhpPeWhfN55wh2d6QWgY=
2,42,QOvGdkBdWSsdHQYjfq6Uu4zsdsM=,bB7j3wlRJQTeQPifNeN9wL0T+hI=
4,47,QOvGdkBdWSsdHQYjfq6Uu4zsdsM=,n+sW2bnaOAan4eqPCDgFYqYJmJQ=
1,42,QOvGdkBdWSsdHQYjfq6Uu4zsdsM=,0A9vrZrRBwABZlysIiVD+bbv+E0=
5,47,QOvGdkBdWSsdHQYjfq6Uu4zsdsM=,n+sW2bnaOAan4eqPCDgFYqYJmJQ=
8,47,QOvGdkBdWSsdHQYjfq6Uu4zsdsM=,Wyd6Y2IkzXKGcQb5eJyE9jL6YCo=
15,32,QOvGdkBdWSsdHQYjfq6Uu4zsdsM=,0xqzPTp++7h++E0xF77zOPgjFPQ=
9,47,QOvGdkBdWSsdHQYjfq6Uu4zsdsM=,Wyd6Y2IkzXKGcQb5eJyE9jL6YCo=
7,47,QOvGdkBdWSsdHQYjfq6Uu4zsdsM=,wqSQAKXF9U7yJcatSMyh6SABVZ0=
10,47,QOvGdkBdWSsdHQYjfq6Uu4zsdsM=,jkb9Ccy757kZjy3+Y0VuNCWtPx8=
0,47,QOvGdkBdWSsdHQYjfq6Uu4zsdsM=,7PW15cgEwhw9AT56bIleRL8MMYA=
1,47,QOvGdkBdWSsdHQYjfq6Uu4zsdsM=,7PW15cgEwhw9AT56bIleRL8MMYA=
2,47,QOvGdkBdWSsdHQYjfq6Uu4zsdsM=,X1NbCTalR5fLYyo4w08bMCWrNZw=
1,46,KAc839Xtj8IhBEjaw8R5AIUpsDA=,7PW15cgEwhw9AT56bIleRL8MMYA=
0,43,KAc839Xtj8IhBEjaw8R5AIUpsDA=,0A9vrZrRBwABZlysIiVD+bbv+E0=
2,45,KAc839Xtj8IhBEjaw8R5AIUpsDA=,EP0eUuVuKW1H8Mn1xiQlLP97uWI=
0,46,KAc839Xtj8IhBEjaw8R5AIUpsDA=,7PW15cgEwhw9AT56bIleRL8MMYA=
2,43,KAc839Xtj8IhBEjaw8R5AIUpsDA=,bB7j3wlRJQTeQPifNeN9wL0T+hI=
2,44,KAc839Xtj8IhBEjaw8R5AIUpsDA=,EP0eUuVuKW1H8Mn1xiQlLP97uWI=
2,46,KAc839Xtj8IhBEjaw8R5AIUpsDA=,X1NbCTalR5fLYyo4w08bMCWrNZw=
0,45,KAc839Xtj8IhBEjaw8R5AIUpsDA=,EvmMM3Bb1/LsNS+Q4lB2xJv4JSY=
0,44,KAc839Xtj8IhBEjaw8R5AIUpsDA=,EvmMM3Bb1/LsNS+Q4lB2xJv4JSY=
1,43,KAc839Xtj8IhBEjaw8R5AIUpsDA=,0A9vrZrRBwABZlysIiVD+bbv+E0=
1,45,KAc839Xtj8IhBEjaw8R5AIUpsDA=,EvmMM3Bb1/LsNS+Q4lB2xJv4JSY=
1,44,KAc839Xtj8IhBEjaw8R5AIUpsDA=,EvmMM3Bb1/LsNS+Q4lB2xJv4JSY=
0,33,KAc839Xtj8IhBEjaw8R5AIUpsDA=,oEE3+aMKf484LfLpYpELtIA1gwQ=
1,32,KAc839Xtj8IhBEjaw8R5AIUpsDA=,oEE3+aMKf484LfLpYpELtIA1gwQ=
2,34,KAc839Xtj8IhBEjaw8R5AIUpsDA=,NqXf57h9szjG/xmHpGHfOvazcjA=
0,32,KAc839Xtj8IhBEjaw8R5AIUpsDA=,oEE3+aMKf484LfLpYpELtIA1gwQ=
1,33,KAc839Xtj8IhBEjaw8R5AIUpsDA=,oEE3+aMKf484LfLpYpELtIA1gwQ=
0,34,KAc839Xtj8IhBEjaw8R5AIUpsDA=,Ldp0+4fzjfQTw6eoywUSsjaI3Tw=
1,34,KAc839Xtj8IhBEjaw8R5AIUpsDA=,Ldp0+4fzjfQTw6eoywUSsjaI3Tw=
2,33,KAc839Xtj8IhBEjaw8R5AIUpsDA=,Zz8vd2q8a2wRU/UeoSlG0RYBgzQ=
2,32,KAc839Xtj8IhBEjaw8R5AIUpsDA=,Zz8vd2q8a2wRU/UeoSlG0RYBgzQ=
7,51,KAc839Xtj8IhBEjaw8R5AIUpsDA=,mvRrW5WuFfV5fqpn527uUiLPEKM=
8,51,KAc839Xtj8IhBEjaw8R5AIUpsDA=,XBa8fOX5DBpBurt1dg4hR+ivwUQ=
8,52,KAc839Xtj8IhBEjaw8R5AIUpsDA=,CGdS65q+5u7M+ytQA6oRpm9y6M8=
7,52,KAc839Xtj8IhBEjaw8R5AIUpsDA=,Ee4mp132mkprJUaoebY4jo8cCbI=
5,56,KAc839Xtj8IhBEjaw8R5AIUpsDA=,LZHRefg8qd12b77bHQGHB3l9Iwg=
6,55,KAc839Xtj8IhBEjaw8R5AIUpsDA=,DI4BnhrKt+T43/n2mFaoTMN81pw=
5,55,KAc839Xtj8IhBEjaw8R5AIUpsDA=,2iA6n/7GBA+Iz6AhjDoGHYrKe1o=
6,56,KAc839Xtj8IhBEjaw8R5AIUpsDA=,XHX6sNRKprYfItpndYpb2wZWXTI=
6,53,KAc839Xtj8IhBEjaw8R5AIUpsDA=,Ee4mp132mkprJUaoebY4jo8cCbI=
5,58,KAc839Xtj8IhBEjaw8R5AIUpsDA=,1PnZ74NAMrx12nE79w49qcEZHhw=
5,54,KAc839Xtj8IhBEjaw8R5AIUpsDA=,2iA6n/7GBA+Iz6AhjDoGHYrKe1o=
6,54,KAc839Xtj8IhBEjaw8R5AIUpsDA=,DI4BnhrKt+T43/n2mFaoTMN81pw=
5,53,KAc839Xtj8IhBEjaw8R5AIUpsDA=,8EUDy7ZC95CKcoo0QipO7IalxsI=
6,51,KAc839Xtj8IhBEjaw8R5AIUpsDA=,mvRrW5WuFfV5fqpn527uUiLPEKM=
6,58,KAc839Xtj8IhBEjaw8R5AIUpsDA=,W157FTllmcU5UgwIJTQtIX+HWGs=
5,57,KAc839Xtj8IhBEjaw8R5AIUpsDA=,LZHRefg8qd12b77bHQGHB3l9Iwg=
6,52,KAc839Xtj8IhBEjaw8R5AIUpsDA=,Ee4mp132mkprJUaoebY4jo8cCbI=
5,52,KAc839Xtj8IhBEjaw8R5AIUpsDA=,8EUDy7ZC95CKcoo0QipO7IalxsI=
6,57,KAc839Xtj8IhBEjaw8R5AIUpsDA=,XHX6sNRKprYfItpndYpb2wZWXTI=
5,51,KAc839Xtj8IhBEjaw8R5AIUpsDA=,4QS9fQTB+DTAi0hQJVS+wtPxbN4=
6,63,KME8WM/+CQLNl6bQUqU3zIepS3I=,g4KYBZCQlh3hhWJpkCp090Kbzsw=
5,63,KME8WM/+CQLNl6bQUqU3zIepS3I=,skd0Y8Eg310x/rODkHWR2/7tW+I=
6,62,KME8WM/+CQLNl6bQUqU3zIepS3I=,g4KYBZCQlh3hhWJpkCp090Kbzsw=
5,61,KME8WM/+CQLNl6bQUqU3zIepS3I=,EoXRDORCitlsVC/AznazsrSGCvg=
5,60,KME8WM/+CQLNl6bQUqU3zIepS3I=,EoXRDORCitlsVC/AznazsrSGCvg=
5,62,KME8WM/+CQLNl6bQUqU3zIepS3I=,skd0Y8Eg310x/rODkHWR2/7tW+I=
6,60,KME8WM/+CQLNl6bQUqU3zIepS3I=,sUEYvSxqeqdLi+O4YVHF8hpl7+A=
6,61,KME8WM/+CQLNl6bQUqU3zIepS3I=,sUEYvSxqeqdLi+O4YVHF8hpl7+A=
6,59,KME8WM/+CQLNl6bQUqU3zIepS3I=,W157FTllmcU5UgwIJTQtIX+HWGs=
5,59,KME8WM/+CQLNl6bQUqU3zIepS3I=,1PnZ74NAMrx12nE79w49qcEZHhw=
7,63,KME8WM/+CQLNl6bQUqU3zIepS3I=,g4KYBZCQlh3hhWJpkCp090Kbzsw=
8,63,KME8WM/+CQLNl6bQUqU3zIepS3I=,J/caLPa214NfIDNKL4OzMe5VNUk=
8,61,KME8WM/+CQLNl6bQUqU3zIepS3I=,8MjceEh5ftWIT9SOJgqboBo9ZhM=
8,62,KME8WM/+CQLNl6bQUqU3zIepS3I=,J/caLPa214NfIDNKL4OzMe5VNUk=
7,62,KME8WM/+CQLNl6bQUqU3zIepS3I=,g4KYBZCQlh3hhWJpkCp090Kbzsw=
7,61,KME8WM/+CQLNl6bQUqU3zIepS3I=,sUEYvSxqeqdLi+O4YVHF8hpl7+A=
9,63,KME8WM/+CQLNl6bQUqU3zIepS3I=,J/caLPa214NfIDNKL4OzMe5VNUk=
10,63,KME8WM/+CQLNl6bQUqU3zIepS3I=,ka+RHkW0ywCyfRfK1oVo8WT9qsA=
12,63,KME8WM/+CQLNl6bQUqU3zIepS3I=,5VC2+2q9/Bswp0Nik/G9Js+twGg=
11,63,KME8WM/+CQLNl6bQUqU3zIepS3I=,ka+RHkW0ywCyfRfK1oVo8WT9qsA=
9,61,KME8WM/+CQLNl6bQUqU3zIepS3I=,8MjceEh5ftWIT9SOJgqboBo9ZhM=
12,62,KME8WM/+CQLNl6bQUqU3zIepS3I=,5VC2+2q9/Bswp0Nik/G9Js+twGg=
12,61,KME8WM/+CQLNl6bQUqU3zIepS3I=,u7ZhV2wU+Sn+tG82gvW2qLCBodo=
9,62,KME8WM/+CQLNl6bQUqU3zIepS3I=,J/caLPa214NfIDNKL4OzMe5VNUk=
10,62,KME8WM/+CQLNl6bQUqU3zIepS3I=,ka+RHkW0ywCyfRfK1oVo8WT9qsA=
11,62,KME8WM/+CQLNl6bQUqU3zIepS3I=,ka+RHkW0ywCyfRfK1oVo8WT9qsA=
10,61,KME8WM/+CQLNl6bQUqU3zIepS3I=,HotyweZQvAlNkDosdqesDSR/5Qs=
11,61,KME8WM/+CQLNl6bQUqU3zIepS3I=,HotyweZQvAlNkDosdqesDSR/5Qs=
13,63,KME8WM/+CQLNl6bQUqU3zIepS3I=,5VC2+2q9/Bswp0Nik/G9Js+twGg=
14,63,KME8WM/+CQLNl6bQUqU3zIepS3I=,28mcZcKzCHaugzcYNwi1X0Pz6yA=
14,62,KME8WM/+CQLNl6bQUqU3zIepS3I=,28mcZcKzCHaugzcYNwi1X0Pz6yA=
13,62,KME8WM/+CQLNl6bQUqU3zIepS3I=,5VC2+2q9/Bswp0Nik/G9Js+twGg=
14,61,KME8WM/+CQLNl6bQUqU3zIepS3I=,eTCvDtc9aaZF9YiDo8X0NMAhSjc=
13,61,KME8WM/+CQLNl6bQUqU3zIepS3I=,u7ZhV2wU+Sn+tG82gvW2qLCBodo=
12,60,KME8WM/+CQLNl6bQUqU3zIepS3I=,u7ZhV2wU+Sn+tG82gvW2qLCBodo=
13,60,KME8WM/+CQLNl6bQUqU3zIepS3I=,u7ZhV2wU+Sn+tG82gvW2qLCBodo=
12,59,KME8WM/+CQLNl6bQUqU3zIepS3I=,KXTTekWyg1Ba3UVaqVS9ekzuhHo=
14,60,KME8WM/+CQLNl6bQUqU3zIepS3I=,eTCvDtc9aaZF9YiDo8X0NMAhSjc=
14,59,KME8WM/+CQLNl6bQUqU3zIepS3I=,HtVOjwNfHXfmKyfSrut3G4835PE=
11,59,KME8WM/+CQLNl6bQUqU3zIepS3I=,K0iJbFBthGS2xaOapWNbbLYDios=
13,59,KME8WM/+CQLNl6bQUqU3zIepS3I=,KXTTekWyg1Ba3UVaqVS9ekzuhHo=
11,60,KME8WM/+CQLNl6bQUqU3zIepS3I=,HotyweZQvAlNkDosdqesDSR/5Qs=
8,60,KME8WM/+CQLNl6bQUqU3zIepS3I=,8MjceEh5ftWIT9SOJgqboBo9ZhM=
9,59,KME8WM/+CQLNl6bQUqU3zIepS3I=,JRXKaeCfKgYVruCFtl3ToXIhJAE=
7,59,KME8WM/+CQLNl6bQUqU3zIepS3I=,W157FTllmcU5UgwIJTQtIX+HWGs=
8,59,KME8WM/+CQLNl6bQUqU3zIepS3I=,JRXKaeCfKgYVruCFtl3ToXIhJAE=
9,60,KME8WM/+CQLNl6bQUqU3zIepS3I=,8MjceEh5ftWIT9SOJgqboBo9ZhM=
10,59,KME8WM/+CQLNl6bQUqU3zIepS3I=,K0iJbFBthGS2xaOapWNbbLYDios=
10,60,KME8WM/+CQLNl6bQUqU3zIepS3I=,HotyweZQvAlNkDosdqesDSR/5Qs=
7,60,KME8WM/+CQLNl6bQUqU3zIepS3I=,sUEYvSxqeqdLi+O4YVHF8hpl7+A=
7,58,KME8WM/+CQLNl6bQUqU3zIepS3I=,W157FTllmcU5UgwIJTQtIX+HWGs=
8,57,KME8WM/+CQLNl6bQUqU3zIepS3I=,Df5cPxzS0DAZ+eSamDTjhPfakz0=
8,58,KME8WM/+CQLNl6bQUqU3zIepS3I=,JRXKaeCfKgYVruCFtl3ToXIhJAE=
7,57,KME8WM/+CQLNl6bQUqU3zIepS3I=,XHX6sNRKprYfItpndYpb2wZWXTI=
10,58,2+U9aeoelJ1MHnodqsF2et31tok=,K0iJbFBthGS2xaOapWNbbLYDios=
9,57,2+U9aeoelJ1MHnodqsF2et31tok=,Df5cPxzS0DAZ+eSamDTjhPfakz0=
12,58,2+U9aeoelJ1MHnodqsF2et31tok=,KXTTekWyg1Ba3UVaqVS9ekzuhHo=
9,58,2+U9aeoelJ1MHnodqsF2et31tok=,JRXKaeCfKgYVruCFtl3ToXIhJAE=
10,57,2+U9aeoelJ1MHnodqsF2et31tok=,M9/b1QFEmpTNoDvJgbmi4oo0lyI=
12,57,2+U9aeoelJ1MHnodqsF2et31tok=,wuBYhYPWGPYwOHjVfkZp8qUN6TM=
11,58,2+U9aeoelJ1MHnodqsF2et31tok=,K0iJbFBthGS2xaOapWNbbLYDios=
11,57,2+U9aeoelJ1MHnodqsF2et31tok=,M9/b1QFEmpTNoDvJgbmi4oo0lyI=
14,58,2+U9aeoelJ1MHnodqsF2et31tok=,HtVOjwNfHXfmKyfSrut3G4835PE=
13,58,2+U9aeoelJ1MHnodqsF2et31tok=,KXTTekWyg1Ba3UVaqVS9ekzuhHo=
14,57,2+U9aeoelJ1MHnodqsF2et31tok=,Qc0uZBK6Irmcd+nS5p/UTy8BUWs=
13,57,2+U9aeoelJ1MHnodqsF2et31tok=,wuBYhYPWGPYwOHjVfkZp8qUN6TM=
7,55,2+U9aeoelJ1MHnodqsF2et31tok=,DI4BnhrKt+T43/n2mFaoTMN81pw=
8,53,2+U9aeoelJ1MHnodqsF2et31tok=,CGdS65q+5u7M+ytQA6oRpm9y6M8=
8,56,2+U9aeoelJ1MHnodqsF2et31tok=,Df5cPxzS0DAZ+eSamDTjhPfakz0=
7,53,2+U9aeoelJ1MHnodqsF2et31tok=,Ee4mp132mkprJUaoebY4jo8cCbI=
7,56,2+U9aeoelJ1MHnodqsF2et31tok=,XHX6sNRKprYfItpndYpb2wZWXTI=
7,54,2+U9aeoelJ1MHnodqsF2et31tok=,DI4BnhrKt+T43/n2mFaoTMN81pw=
8,54,2+U9aeoelJ1MHnodqsF2et31tok=,RQ5aK2JQQztLQnoL7KGSuS0M5r0=
8,55,2+U9aeoelJ1MHnodqsF2et31tok=,RQ5aK2JQQztLQnoL7KGSuS0M5r0=
9,56,2+U9aeoelJ1MHnodqsF2et31tok=,Df5cPxzS0DAZ+eSamDTjhPfakz0=
10,56,2+U9aeoelJ1MHnodqsF2et31tok=,M9/b1QFEmpTNoDvJgbmi4oo0lyI=
12,56,2+U9aeoelJ1MHnodqsF2et31tok=,wuBYhYPWGPYwOHjVfkZp8qUN6TM=
10,55,2+U9aeoelJ1MHnodqsF2et31tok=,n9mQ6v+P3yALWXBMMXX7eVTSlcA=
9,55,2+U9aeoelJ1MHnodqsF2et31tok=,RQ5aK2JQQztLQnoL7KGSuS0M5r0=
11,56,2+U9aeoelJ1MHnodqsF2et31tok=,M9/b1QFEmpTNoDvJgbmi4oo0lyI=
11,55,2+U9aeoelJ1MHnodqsF2et31tok=,n9mQ6v+P3yALWXBMMXX7eVTSlcA=
12,55,2+U9aeoelJ1MHnodqsF2et31tok=,vLvob7XqOb5BD/O9ItEt94SWoAw=
14,56,2+U9aeoelJ1MHnodqsF2et31tok=,Qc0uZBK6Irmcd+nS5p/UTy8BUWs=
13,55,2+U9aeoelJ1MHnodqsF2et31tok=,vLvob7XqOb5BD/O9ItEt94SWoAw=
13,56,2+U9aeoelJ1MHnodqsF2et31tok=,wuBYhYPWGPYwOHjVfkZp8qUN6TM=
14,55,2+U9aeoelJ1MHnodqsF2et31tok=,CRpyy8x0WVisSJ1aC01kt0VQCxc=
10,54,2+U9aeoelJ1MHnodqsF2et31tok=,n9mQ6v+P3yALWXBMMXX7eVTSlcA=
10,53,2+U9aeoelJ1MHnodqsF2et31tok=,CnE3JusYd0MIB57806VK4XSNNrY=
9,54,2+U9aeoelJ1MHnodqsF2et31tok=,RQ5aK2JQQztLQnoL7KGSuS0M5r0=
9,53,2+U9aeoelJ1MHnodqsF2et31tok=,CGdS65q+5u7M+ytQA6oRpm9y6M8=
12,54,2+U9aeoelJ1MHnodqsF2et31tok=,vLvob7XqOb5BD/O9ItEt94SWoAw=
13,54,2+U9aeoelJ1MHnodqsF2et31tok=,vLvob7XqOb5BD/O9ItEt94SWoAw=
12,53,2+U9aeoelJ1MHnodqsF2et31tok=,4zaMkdgRwR9uHAEfhG1mhZ783GQ=
14,53,2+U9aeoelJ1MHnodqsF2et31tok=,fGvSQG0OxLqCObGDvZDCPhRWvjY=
11,54,2+U9aeoelJ1MHnodqsF2et31tok=,n9mQ6v+P3yALWXBMMXX7eVTSlcA=
11,53,2+U9aeoelJ1MHnodqsF2et31tok=,CnE3JusYd0MIB57806VK4XSNNrY=
14,54,2+U9aeoelJ1MHnodqsF2et31tok=,CRpyy8x0WVisSJ1aC01kt0VQCxc=
13,53,2+U9aeoelJ1MHnodqsF2et31tok=,4zaMkdgRwR9uHAEfhG1mhZ783GQ=
10,52,2+U9aeoelJ1MHnodqsF2et31tok=,CnE3JusYd0MIB57806VK4XSNNrY=
9,51,2+U9aeoelJ1MHnodqsF2et31tok=,XBa8fOX5DBpBurt1dg4hR+ivwUQ=
9,52,2+U9aeoelJ1MHnodqsF2et31tok=,CGdS65q+5u7M+ytQA6oRpm9y6M8=
10,51,2+U9aeoelJ1MHnodqsF2et31tok=,iCeD9r2e1P92YsHSic/trTBga2Q=
12,52,2+U9aeoelJ1MHnodqsF2et31tok=,4zaMkdgRwR9uHAEfhG1mhZ783GQ=
11,52,2+U9aeoelJ1MHnodqsF2et31tok=,CnE3JusYd0MIB57806VK4XSNNrY=
12,51,2+U9aeoelJ1MHnodqsF2et31tok=,XOVlNLJwx9VK/77QYSJvrhVzOY8=
11,51,2+U9aeoelJ1MHnodqsF2et31tok=,iCeD9r2e1P92YsHSic/trTBga2Q=
14,52,2+U9aeoelJ1MHnodqsF2et31tok=,fGvSQG0OxLqCObGDvZDCPhRWvjY=
13,52,2+U9aeoelJ1MHnodqsF2et31tok=,4zaMkdgRwR9uHAEfhG1mhZ783GQ=
14,51,2+U9aeoelJ1MHnodqsF2et31tok=,4Sd7q9UsOog4a0IeCWPkIAtr5es=
13,51,2+U9aeoelJ1MHnodqsF2et31tok=,XOVlNLJwx9VK/77QYSJvrhVzOY8=
12,50,2+U9aeoelJ1MHnodqsF2et31tok=,XOVlNLJwx9VK/77QYSJvrhVzOY8=
11,49,2+U9aeoelJ1MHnodqsF2et31tok=,bvAJ/7Yj6guBS4bGfLBEtzGPa1Q=
12,49,2+U9aeoelJ1MHnodqsF2et31tok=,Pd25R317DpqXEw6hbwFjxLuU9Ak=
11,50,2+U9aeoelJ1MHnodqsF2et31tok=,iCeD9r2e1P92YsHSic/trTBga2Q=
14,50,2+U9aeoelJ1MHnodqsF2et31tok=,4Sd7q9UsOog4a0IeCWPkIAtr5es=
13,50,lT9oTMRiEY5QGz+XtoFsy5tmIh0=,XOVlNLJwx9VK/77QYSJvrhVzOY8=
13,49,lT9oTMRiEY5QGz+XtoFsy5tmIh0=,Pd25R317DpqXEw6hbwFjxLuU9Ak=
14,49,lT9oTMRiEY5QGz+XtoFsy5tmIh0=,SO9SENBXx+/IZ57dqSL9ufyqvlM=
7,50,lT9oTMRiEY5QGz+XtoFsy5tmIh0=,mvRrW5WuFfV5fqpn527uUiLPEKM=
8,50,lT9oTMRiEY5QGz+XtoFsy5tmIh0=,XBa8fOX5DBpBurt1dg4hR+ivwUQ=
9,50,lT9oTMRiEY5QGz+XtoFsy5tmIh0=,XBa8fOX5DBpBurt1dg4hR+ivwUQ=
7,49,lT9oTMRiEY5QGz+XtoFsy5tmIh0=,2D28mzChurRFntwzFQQ42Swac4w=
10,50,lT9oTMRiEY5QGz+XtoFsy5tmIh0=,iCeD9r2e1P92YsHSic/trTBga2Q=
8,49,lT9oTMRiEY5QGz+XtoFsy5tmIh0=,11LtjiplRAQTa4Fnqq840BCGVuQ=
9,49,lT9oTMRiEY5QGz+XtoFsy5tmIh0=,11LtjiplRAQTa4Fnqq840BCGVuQ=
6,50,lT9oTMRiEY5QGz+XtoFsy5tmIh0=,mvRrW5WuFfV5fqpn527uUiLPEKM=
10,49,lT9oTMRiEY5QGz+XtoFsy5tmIh0=,bvAJ/7Yj6guBS4bGfLBEtzGPa1Q=
6,49,lT9oTMRiEY5QGz+XtoFsy5tmIh0=,2D28mzChurRFntwzFQQ42Swac4w=
5,49,lT9oTMRiEY5QGz+XtoFsy5tmIh0=,7cyLKOX6x27kD+69nHV0IWe0CfE=
5,50,lT9oTMRiEY5QGz+XtoFsy5tmIh0=,4QS9fQTB+DTAi0hQJVS+wtPxbN4=
3,49,lT9oTMRiEY5QGz+XtoFsy5tmIh0=,TppwIEoSxcmBr4+++4ZjS/YsnoI=
4,49,lT9oTMRiEY5QGz+XtoFsy5tmIh0=,7cyLKOX6x27kD+69nHV0IWe0CfE=
3,50,lT9oTMRiEY5QGz+XtoFsy5tmIh0=,/lAvfAXTMbiIqB+BOt7patlJjs0=
4,50,lT9oTMRiEY5QGz+XtoFsy5tmIh0=,4QS9fQTB+DTAi0hQJVS+wtPxbN4=
0,51,lT9oTMRiEY5QGz+XtoFsy5tmIh0=,9Itj0hBN5C2LA++6IVvL+XgGOuA=
0,52,lT9oTMRiEY5QGz+XtoFsy5tmIh0=,yjmW6pRSI/gFtVwppb5QXsbbvRQ=
2,52,lT9oTMRiEY5QGz+XtoFsy5tmIh0=,9dFDcgBd2YKQkZPNuAaZvAMX9mY=
3,52,lT9oTMRiEY5QGz+XtoFsy5tmIh0=,9dFDcgBd2YKQkZPNuAaZvAMX9mY=
1,52,lT9oTMRiEY5QGz+XtoFsy5tmIh0=,yjmW6pRSI/gFtVwppb5QXsbbvRQ=
4,52,lT9oTMRiEY5QGz+XtoFsy5tmIh0=,8EUDy7ZC95CKcoo0QipO7IalxsI=
4,51,lT9oTMRiEY5QGz+XtoFsy5tmIh0=,4QS9fQTB+DTAi0hQJVS+wtPxbN4=
3,51,lT9oTMRiEY5QGz+XtoFsy5tmIh0=,/lAvfAXTMbiIqB+BOt7patlJjs0=
2,51,lT9oTMRiEY5QGz+XtoFsy5tmIh0=,/lAvfAXTMbiIqB+BOt7patlJjs0=
1,51,lT9oTMRiEY5QGz+XtoFsy5tmIh0=,9Itj0hBN5C2LA++6IVvL+XgGOuA=
0,56,lT9oTMRiEY5QGz+XtoFsy5tmIh0=,wsxWRhFo/beTv28VnzP1YT52sTU=
0,54,lT9oTMRiEY5QGz+XtoFsy5tmIh0=,/VkleUKTuh5xnJquSCvp5zX5qJs=
0,53,lT9oTMRiEY5QGz+XtoFsy5tmIh0=,yjmW6pRSI/gFtVwppb5QXsbbvRQ=
0,55,lT9oTMRiEY5QGz+XtoFsy5tmIh0=,/VkleUKTuh5xnJquSCvp5zX5qJs=
2,54,lT9oTMRiEY5QGz+XtoFsy5tmIh0=,2+NWOCYetJbN58xhPwk8mxAYNzU=
2,56,lT9oTMRiEY5QGz+XtoFsy5tmIh0=,Aih79wVUqEab04622vjMs3GjY2M=
3,54,lT9oTMRiEY5QGz+XtoFsy5tmIh0=,2+NWOCYetJbN58xhPwk8mxAYNzU=
3,56,lT9oTMRiEY5QGz+XtoFsy5tmIh0=,Aih79wVUqEab04622vjMs3GjY2M=
4,53,lT9oTMRiEY5QGz+XtoFsy5tmIh0=,8EUDy7ZC95CKcoo0QipO7IalxsI=
2,55,lT9oTMRiEY5QGz+XtoFsy5tmIh0=,2+NWOCYetJbN58xhPwk8mxAYNzU=
4,54,lT9oTMRiEY5QGz+XtoFsy5tmIh0=,2iA6n/7GBA+Iz6AhjDoGHYrKe1o=
3,55,lT9oTMRiEY5QGz+XtoFsy5tmIh0=,2+NWOCYetJbN58xhPwk8mxAYNzU=
1,53,lT9oTMRiEY5QGz+XtoFsy5tmIh0=,yjmW6pRSI/gFtVwppb5QXsbbvRQ=
4,55,lT9oTMRiEY5QGz+XtoFsy5tmIh0=,2iA6n/7GBA+Iz6AhjDoGHYrKe1o=
2,53,lT9oTMRiEY5QGz+XtoFsy5tmIh0=,9dFDcgBd2YKQkZPNuAaZvAMX9mY=
3,53,lT9oTMRiEY5QGz+XtoFsy5tmIh0=,9dFDcgBd2YKQkZPNuAaZvAMX9mY=
1,55,lT9oTMRiEY5QGz+XtoFsy5tmIh0=,/VkleUKTuh5xnJquSCvp5zX5qJs=
1,54,lT9oTMRiEY5QGz+XtoFsy5tmIh0=,/VkleUKTuh5xnJquSCvp5zX5qJs=
4,56,lT9oTMRiEY5QGz+XtoFsy5tmIh0=,LZHRefg8qd12b77bHQGHB3l9Iwg=
1,56,lT9oTMRiEY5QGz+XtoFsy5tmIh0=,wsxWRhFo/beTv28VnzP1YT52sTU=
3,59,lT9oTMRiEY5QGz+XtoFsy5tmIh0=,1R8NZjqxotFrx7OSHLiCNyN+mgg=
4,59,lT9oTMRiEY5QGz+XtoFsy5tmIh0=,1PnZ74NAMrx12nE79w49qcEZHhw=
3,60,lT9oTMRiEY5QGz+XtoFsy5tmIh0=,us6vjRrK16TNZtS3r8Fe5rRkluk=
4,60,lT9oTMRiEY5QGz+XtoFsy5tmIh0=,EoXRDORCitlsVC/AznazsrSGCvg=
4,57,lT9oTMRiEY5QGz+XtoFsy5tmIh0=,LZHRefg8qd12b77bHQGHB3l9Iwg=
4,58,lT9oTMRiEY5QGz+XtoFsy5tmIh0=,1PnZ74NAMrx12nE79w49qcEZHhw=
3,58,lT9oTMRiEY5QGz+XtoFsy5tmIh0=,1R8NZjqxotFrx7OSHLiCNyN+mgg=
3,57,lT9oTMRiEY5QGz+XtoFsy5tmIh0=,Aih79wVUqEab04622vjMs3GjY2M=
0,63,lT9oTMRiEY5QGz+XtoFsy5tmIh0=,qRnx2WMTHxVUmMB19vFUW4ShVAU=
1,63,lT9oTMRiEY5QGz+XtoFsy5tmIh0=,qRnx2WMTHxVUmMB19vFUW4ShVAU=
4,63,lT9oTMRiEY5QGz+XtoFsy5tmIh0=,skd0Y8Eg310x/rODkHWR2/7tW+I=
3,63,lT9oTMRiEY5QGz+XtoFsy5tmIh0=,3F2yKeI69T672OLCGa7FVyHjZUI=
2,63,lT9oTMRiEY5QGz+XtoFsy5tmIh0=,3F2yKeI69T672OLCGa7FVyHjZUI=
1,58,lT9oTMRiEY5QGz+XtoFsy5tmIh0=,fFiBB04RdtNOjvqA1A6rW0LCeU4=
3,61,lT9oTMRiEY5QGz+XtoFsy5tmIh0=,us6vjRrK16TNZtS3r8Fe5rRkluk=
0,58,lT9oTMRiEY5QGz+XtoFsy5tmIh0=,fFiBB04RdtNOjvqA1A6rW0LCeU4=
3,62,lT9oTMRiEY5QGz+XtoFsy5tmIh0=,3F2yKeI69T672OLCGa7FVyHjZUI=
1,61,lT9oTMRiEY5QGz+XtoFsy5tmIh0=,9+LQt2tWtW8lp9d0MoUGKbvZpN8=
0,62,lT9oTMRiEY5QGz+XtoFsy5tmIh0=,qRnx2WMTHxVUmMB19vFUW4ShVAU=
0,57,lT9oTMRiEY5QGz+XtoFsy5tmIh0=,wsxWRhFo/beTv28VnzP1YT52sTU=
2,62,lT9oTMRiEY5QGz+XtoFsy5tmIh0=,3F2yKeI69T672OLCGa7FVyHjZUI=
15,56,lT9oTMRiEY5QGz+XtoFsy5tmIh0=,Qc0uZBK6Irmcd+nS5p/UTy8BUWs=
0,59,lT9oTMRiEY5QGz+XtoFsy5tmIh0=,fFiBB04RdtNOjvqA1A6rW0LCeU4=
1,62,lT9oTMRiEY5QGz+XtoFsy5tmIh0=,qRnx2WMTHxVUmMB19vFUW4ShVAU=
15,55,lT9oTMRiEY5QGz+XtoFsy5tmIh0=,CRpyy8x0WVisSJ1aC01kt0VQCxc=
4,61,lT9oTMRiEY5QGz+XtoFsy5tmIh0=,EoXRDORCitlsVC/AznazsrSGCvg=
0,61,lT9oTMRiEY5QGz+XtoFsy5tmIh0=,9+LQt2tWtW8lp9d0MoUGKbvZpN8=
2,59,lT9oTMRiEY5QGz+XtoFsy5tmIh0=,1R8NZjqxotFrx7OSHLiCNyN+mgg=
1,59,lT9oTMRiEY5QGz+XtoFsy5tmIh0=,fFiBB04RdtNOjvqA1A6rW0LCeU4=
15,58,lT9oTMRiEY5QGz+XtoFsy5tmIh0=,HtVOjwNfHXfmKyfSrut3G4835PE=
4,62,lT9oTMRiEY5QGz+XtoFsy5tmIh0=,skd0Y8Eg310x/rODkHWR2/7tW+I=
2,61,CbIcCLecwkXINnj0EgENkiGHcg8=,us6vjRrK16TNZtS3r8Fe5rRkluk=
2,60,CbIcCLecwkXINnj0EgENkiGHcg8=,us6vjRrK16TNZtS3r8Fe5rRkluk=
15,60,CbIcCLecwkXINnj0EgENkiGHcg8=,eTCvDtc9aaZF9YiDo8X0NMAhSjc=
1,60,CbIcCLecwkXINnj0EgENkiGHcg8=,9+LQt2tWtW8lp9d0MoUGKbvZpN8=
2,57,CbIcCLecwkXINnj0EgENkiGHcg8=,Aih79wVUqEab04622vjMs3GjY2M=
2,58,CbIcCLecwkXINnj0EgENkiGHcg8=,1R8NZjqxotFrx7OSHLiCNyN+mgg=
0,60,CbIcCLecwkXINnj0EgENkiGHcg8=,9+LQt2tWtW8lp9d0MoUGKbvZpN8=
15,59,CbIcCLecwkXINnj0EgENkiGHcg8=,HtVOjwNfHXfmKyfSrut3G4835PE=
15,57,CbIcCLecwkXINnj0EgENkiGHcg8=,Qc0uZBK6Irmcd+nS5p/UTy8BUWs=
15,62,CbIcCLecwkXINnj0EgENkiGHcg8=,28mcZcKzCHaugzcYNwi1X0Pz6yA=
1,57,CbIcCLecwkXINnj0EgENkiGHcg8=,wsxWRhFo/beTv28VnzP1YT52sTU=
15,63,CbIcCLecwkXINnj0EgENkiGHcg8=,28mcZcKzCHaugzcYNwi1X0Pz6yA=
15,50,CbIcCLecwkXINnj0EgENkiGHcg8=,4Sd7q9UsOog4a0IeCWPkIAtr5es=
15,61,CbIcCLecwkXINnj0EgENkiGHcg8=,eTCvDtc9aaZF9YiDo8X0NMAhSjc=
15,52,CbIcCLecwkXINnj0EgENkiGHcg8=,fGvSQG0OxLqCObGDvZDCPhRWvjY=
7,48,CbIcCLecwkXINnj0EgENkiGHcg8=,2D28mzChurRFntwzFQQ42Swac4w=
12,48,CbIcCLecwkXINnj0EgENkiGHcg8=,Pd25R317DpqXEw6hbwFjxLuU9Ak=
11,48,CbIcCLecwkXINnj0EgENkiGHcg8=,bvAJ/7Yj6guBS4bGfLBEtzGPa1Q=
10,48,CbIcCLecwkXINnj0EgENkiGHcg8=,bvAJ/7Yj6guBS4bGfLBEtzGPa1Q=
15,54,CbIcCLecwkXINnj0EgENkiGHcg8=,CRpyy8x0WVisSJ1aC01kt0VQCxc=
15,53,CbIcCLecwkXINnj0EgENkiGHcg8=,fGvSQG0OxLqCObGDvZDCPhRWvjY=
15,49,CbIcCLecwkXINnj0EgENkiGHcg8=,SO9SENBXx+/IZ57dqSL9ufyqvlM=
8,48,CbIcCLecwkXINnj0EgENkiGHcg8=,11LtjiplRAQTa4Fnqq840BCGVuQ=
9,48,CbIcCLecwkXINnj0EgENkiGHcg8=,11LtjiplRAQTa4Fnqq840BCGVuQ=
6,48,CbIcCLecwkXINnj0EgENkiGHcg8=,2D28mzChurRFntwzFQQ42Swac4w=
5,48,CbIcCLecwkXINnj0EgENkiGHcg8=,7cyLKOX6x27kD+69nHV0IWe0CfE=
4,48,CbIcCLecwkXINnj0EgENkiGHcg8=,7cyLKOX6x27kD+69nHV0IWe0CfE=
3,48,CbIcCLecwkXINnj0EgENkiGHcg8=,TppwIEoSxcmBr4+++4ZjS/YsnoI=
15,51,CbIcCLecwkXINnj0EgENkiGHcg8=,4Sd7q9UsOog4a0IeCWPkIAtr5es=
13,48,CbIcCLecwkXINnj0EgENkiGHcg8=,Pd25R317DpqXEw6hbwFjxLuU9Ak=
14,48,CbIcCLecwkXINnj0EgENkiGHcg8=,SO9SENBXx+/IZ57dqSL9ufyqvlM=
15,48,CbIcCLecwkXINnj0EgENkiGHcg8=,SO9SENBXx+/IZ57dqSL9ufyqvlM=
0,48,CbIcCLecwkXINnj0EgENkiGHcg8=,qKfmFTAHKYDi4KBL9TpIdXKRink=
2,50,CbIcCLecwkXINnj0EgENkiGHcg8=,/lAvfAXTMbiIqB+BOt7patlJjs0=
1,49,CbIcCLecwkXINnj0EgENkiGHcg8=,qKfmFTAHKYDi4KBL9TpIdXKRink=
0,49,CbIcCLecwkXINnj0EgENkiGHcg8=,qKfmFTAHKYDi4KBL9TpIdXKRink=
2,49,CbIcCLecwkXINnj0EgENkiGHcg8=,TppwIEoSxcmBr4+++4ZjS/YsnoI=
0,50,CbIcCLecwkXINnj0EgENkiGHcg8=,9Itj0hBN5C2LA++6IVvL+XgGOuA=
2,48,CbIcCLecwkXINnj0EgENkiGHcg8=,TppwIEoSxcmBr4+++4ZjS/YsnoI=
1,50,CbIcCLecwkXINnj0EgENkiGHcg8=,9Itj0hBN5C2LA++6IVvL+XgGOuA=
1,48,CbIcCLecwkXINnj0EgENkiGHcg8=,qKfmFTAHKYDi4KBL9TpIdXKRink=
24,53,K7ZL95tE37nkqk50TdQemIKzhRs=,0eYK3qLKgbolLbU0rdIAop0MUJc=
24,54,K7ZL95tE37nkqk50TdQemIKzhRs=,xNupem2pGP0ygkuiLQ1SEQjVQC8=
23,53,K7ZL95tE37nkqk50TdQemIKzhRs=,KES4WxJ/JFvLnOAGuCxWr0m0jvc=
23,54,K7ZL95tE37nkqk50TdQemIKzhRs=,rsQp514vi1jkU/kBj54V4Kg6ZcU=
21,52,K7ZL95tE37nkqk50TdQemIKzhRs=,qioZUGdxsVMrN547HRltIWVsu7M=
22,52,K7ZL95tE37nkqk50TdQemIKzhRs=,KES4WxJ/JFvLnOAGuCxWr0m0jvc=
21,51,K7ZL95tE37nkqk50TdQemIKzhRs=,CJEVOptRJFH5LcZWvFp695o3mus=
22,51,K7ZL95tE37nkqk50TdQemIKzhRs=,2F+T6rkJQBFaerPP5YnlrsyFZo8=
20,51,K7ZL95tE37nkqk50TdQemIKzhRs=,CJEVOptRJFH5LcZWvFp695o3mus=
20,52,K7ZL95tE37nkqk50TdQemIKzhRs=,qioZUGdxsVMrN547HRltIWVsu7M=
19,51,K7ZL95tE37nkqk50TdQemIKzhRs=,Eh9JW0X94GZYnpPTYRrrYBv2PN4=
19,49,K7ZL95tE37nkqk50TdQemIKzhRs=,xWmwaSm2+A8GHSi3JE8n0lYb2WY=
19,50,K7ZL95tE37nkqk50TdQemIKzhRs=,Eh9JW0X94GZYnpPTYRrrYBv2PN4=
20,49,K7ZL95tE37nkqk50TdQemIKzhRs=,P3M4s/nH9WopqkYjDlwXUlNSG4M=
19,52,K7ZL95tE37nkqk50TdQemIKzhRs=,6Q3u/SVrDnO9wEObWQKt0cqirCg=
20,50,K7ZL95tE37nkqk50TdQemIKzhRs=,CJEVOptRJFH5LcZWvFp695o3mus=
18,51,K7ZL95tE37nkqk50TdQemIKzhRs=,Eh9JW0X94GZYnpPTYRrrYBv2PN4=
17,52,K7ZL95tE37nkqk50TdQemIKzhRs=,ezhE8T+R4xiSMRzNOxiXFtNpz04=
18,52,K7ZL95tE37nkqk50TdQemIKzhRs=,6Q3u/SVrDnO9wEObWQKt0cqirCg=
17,51,K7ZL95tE37nkqk50TdQemIKzhRs=,9RaYZTMf5a/3eLMNHFgFEJ1XP0c=
17,49,rfg7MuV8P4Mc/+dDHnaInWaRzug=,jhoixxrmfSFwH4FhpVJzFC/cY04=
18,49,rfg7MuV8P4Mc/+dDHnaInWaRzug=,xWmwaSm2+A8GHSi3JE8n0lYb2WY=
18,50,rfg7MuV8P4Mc/+dDHnaInWaRzug=,Eh9JW0X94GZYnpPTYRrrYBv2PN4=
17,50,rfg7MuV8P4Mc/+dDHnaInWaRzug=,9RaYZTMf5a/3eLMNHFgFEJ1XP0c=
18,54,rfg7MuV8P4Mc/+dDHnaInWaRzug=,yItgW/o0FfP9nZzBP88jV9QWOPo=
17,54,rfg7MuV8P4Mc/+dDHnaInWaRzug=,vySzEg2ZuqxVh6c157mMmfC6llQ=
18,53,rfg7MuV8P4Mc/+dDHnaInWaRzug=,6Q3u/SVrDnO9wEObWQKt0cqirCg=
17,53,rfg7MuV8P4Mc/+dDHnaInWaRzug=,ezhE8T+R4xiSMRzNOxiXFtNpz04=
18,55,rfg7MuV8P4Mc/+dDHnaInWaRzug=,yItgW/o0FfP9nZzBP88jV9QWOPo=
17,57,rfg7MuV8P4Mc/+dDHnaInWaRzug=,R+SEfrGLqi7BEfmR+lm4Lzfwdz0=
18,56,rfg7MuV8P4Mc/+dDHnaInWaRzug=,Pm7qMKqD2l+zOI6+5UNyDk1yyjw=
18,57,rfg7MuV8P4Mc/+dDHnaInWaRzug=,Pm7qMKqD2l+zOI6+5UNyDk1yyjw=
17,55,rfg7MuV8P4Mc/+dDHnaInWaRzug=,vySzEg2ZuqxVh6c157mMmfC6llQ=
18,58,rfg7MuV8P4Mc/+dDHnaInWaRzug=,z1p1od8AzTUmwLV2MMgq4mKIutI=
17,56,rfg7MuV8P4Mc/+dDHnaInWaRzug=,R+SEfrGLqi7BEfmR+lm4Lzfwdz0=
17,58,rfg7MuV8P4Mc/+dDHnaInWaRzug=,npKTIOe/4QpAkwKEg0u968OG5QQ=
17,63,rfg7MuV8P4Mc/+dDHnaInWaRzug=,WiF2MzeNRIdU+wLczBEqt7Tbjj0=
18,63,rfg7MuV8P4Mc/+dDHnaInWaRzug=,LDo+A8uWsESEemNYnsjFtWPqOVc=
17,60,rfg7MuV8P4Mc/+dDHnaInWaRzug=,7DQl0plBMHgVo6JGzesQ9H57YnU=
18,60,rfg7MuV8P4Mc/+dDHnaInWaRzug=,mOpQSizT4d+1fv4zbJof/qgnhCY=
18,59,rfg7MuV8P4Mc/+dDHnaInWaRzug=,z1p1od8AzTUmwLV2MMgq4mKIutI=
18,62,rfg7MuV8P4Mc/+dDHnaInWaRzug=,LDo+A8uWsESEemNYnsjFtWPqOVc=
17,61,rfg7MuV8P4Mc/+dDHnaInWaRzug=,7DQl0plBMHgVo6JGzesQ9H57YnU=
17,62,rfg7MuV8P4Mc/+dDHnaInWaRzug=,WiF2MzeNRIdU+wLczBEqt7Tbjj0=
17,59,rfg7MuV8P4Mc/+dDHnaInWaRzug=,npKTIOe/4QpAkwKEg0u968OG5QQ=
18,61,rfg7MuV8P4Mc/+dDHnaInWaRzug=,mOpQSizT4d+1fv4zbJof/qgnhCY=
19,62,rfg7MuV8P4Mc/+dDHnaInWaRzug=,LDo+A8uWsESEemNYnsjFtWPqOVc=
19,61,rfg7MuV8P4Mc/+dDHnaInWaRzug=,mOpQSizT4d+1fv4zbJof/qgnhCY=
20,62,rfg7MuV8P4Mc/+dDHnaInWaRzug=,WMWWVFgAkxZmqpDKPtTp03deDmY=
20,63,rfg7MuV8P4Mc/+dDHnaInWaRzug=,WMWWVFgAkxZmqpDKPtTp03deDmY=
20,61,rfg7MuV8P4Mc/+dDHnaInWaRzug=,uqS+qy7dumE3Jwv9+rkUWjZXhP8=
19,63,rfg7MuV8P4Mc/+dDHnaInWaRzug=,LDo+A8uWsESEemNYnsjFtWPqOVc=
19,59,rfg7MuV8P4Mc/+dDHnaInWaRzug=,z1p1od8AzTUmwLV2MMgq4mKIutI=
20,58,rfg7MuV8P4Mc/+dDHnaInWaRzug=,JqZ2vMvpEHbD+MFm/B80KgzkCZo=
21,54,rfg7MuV8P4Mc/+dDHnaInWaRzug=,fDEClwKpmlkFimDqqq76X7S1ciI=
22,53,rfg7MuV8P4Mc/+dDHnaInWaRzug=,KES4WxJ/JFvLnOAGuCxWr0m0jvc=
20,60,rfg7MuV8P4Mc/+dDHnaInWaRzug=,uqS+qy7dumE3Jwv9+rkUWjZXhP8=
20,54,rfg7MuV8P4Mc/+dDHnaInWaRzug=,fDEClwKpmlkFimDqqq76X7S1ciI=
21,53,rfg7MuV8P4Mc/+dDHnaInWaRzug=,qioZUGdxsVMrN547HRltIWVsu7M=
19,54,rfg7MuV8P4Mc/+dDHnaInWaRzug=,yItgW/o0FfP9nZzBP88jV9QWOPo=
19,57,rfg7MuV8P4Mc/+dDHnaInWaRzug=,Pm7qMKqD2l+zOI6+5UNyDk1yyjw=
19,58,rfg7MuV8P4Mc/+dDHnaInWaRzug=,z1p1od8AzTUmwLV2MMgq4mKIutI=
19,60,rfg7MuV8P4Mc/+dDHnaInWaRzug=,mOpQSizT4d+1fv4zbJof/qgnhCY=
20,57,rfg7MuV8P4Mc/+dDHnaInWaRzug=,Z4f8W4PAikNUUSE2CuUS9yKGBPM=
19,55,rfg7MuV8P4Mc/+dDHnaInWaRzug=,yItgW/o0FfP9nZzBP88jV9QWOPo=
19,53,rfg7MuV8P4Mc/+dDHnaInWaRzug=,6Q3u/SVrDnO9wEObWQKt0cqirCg=
19,56,rfg7MuV8P4Mc/+dDHnaInWaRzug=,Pm7qMKqD2l+zOI6+5UNyDk1yyjw=
20,55,rfg7MuV8P4Mc/+dDHnaInWaRzug=,fDEClwKpmlkFimDqqq76X7S1ciI=
20,56,rfg7MuV8P4Mc/+dDHnaInWaRzug=,Z4f8W4PAikNUUSE2CuUS9yKGBPM=
20,59,rfg7MuV8P4Mc/+dDHnaInWaRzug=,JqZ2vMvpEHbD+MFm/B80KgzkCZo=
22,54,rfg7MuV8P4Mc/+dDHnaInWaRzug=,rsQp514vi1jkU/kBj54V4Kg6ZcU=
20,53,rfg7MuV8P4Mc/+dDHnaInWaRzug=,qioZUGdxsVMrN547HRltIWVsu7M=
21,62,rfg7MuV8P4Mc/+dDHnaInWaRzug=,WMWWVFgAkxZmqpDKPtTp03deDmY=
21,63,rfg7MuV8P4Mc/+dDHnaInWaRzug=,WMWWVFgAkxZmqpDKPtTp03deDmY=
22,62,rfg7MuV8P4Mc/+dDHnaInWaRzug=,YWQ0SF5WUZLjB4OKAN55n46P7co=
21,61,Mmj9/yL/pcOz+k3lwQstpt+XpCQ=,uqS+qy7dumE3Jwv9+rkUWjZXhP8=
22,63,Mmj9/yL/pcOz+k3lwQstpt+XpCQ=,YWQ0SF5WUZLjB4OKAN55n46P7co=
22,61,Mmj9/yL/pcOz+k3lwQstpt+XpCQ=,Nxtt4thDL8aSGCxslMa47d3OVWo=
21,55,Mmj9/yL/pcOz+k3lwQstpt+XpCQ=,fDEClwKpmlkFimDqqq76X7S1ciI=
22,55,Mmj9/yL/pcOz+k3lwQstpt+XpCQ=,rsQp514vi1jkU/kBj54V4Kg6ZcU=
22,56,Mmj9/yL/pcOz+k3lwQstpt+XpCQ=,KJaDZ3Pygd+r1pt1eAJwsiUWURI=
21,56,Mmj9/yL/pcOz+k3lwQstpt+XpCQ=,Z4f8W4PAikNUUSE2CuUS9yKGBPM=
21,57,Mmj9/yL/pcOz+k3lwQstpt+XpCQ=,Z4f8W4PAikNUUSE2CuUS9yKGBPM=
21,59,Mmj9/yL/pcOz+k3lwQstpt+XpCQ=,JqZ2vMvpEHbD+MFm/B80KgzkCZo=
22,60,Mmj9/yL/pcOz+k3lwQstpt+XpCQ=,Nxtt4thDL8aSGCxslMa47d3OVWo=
21,60,Mmj9/yL/pcOz+k3lwQstpt+XpCQ=,uqS+qy7dumE3Jwv9+rkUWjZXhP8=
22,58,Mmj9/yL/pcOz+k3lwQstpt+XpCQ=,XM6XJx/xpIMyo+xNjkPoT/hSlfI=
21,58,Mmj9/yL/pcOz+k3lwQstpt+XpCQ=,JqZ2vMvpEHbD+MFm/B80KgzkCZo=
22,59,Mmj9/yL/pcOz+k3lwQstpt+XpCQ=,XM6XJx/xpIMyo+xNjkPoT/hSlfI=
22,57,Mmj9/yL/pcOz+k3lwQstpt+XpCQ=,KJaDZ3Pygd+r1pt1eAJwsiUWURI=
23,59,Mmj9/yL/pcOz+k3lwQstpt+XpCQ=,XM6XJx/xpIMyo+xNjkPoT/hSlfI=
23,60,Mmj9/yL/pcOz+k3lwQstpt+XpCQ=,Nxtt4thDL8aSGCxslMa47d3OVWo=
24,60,Mmj9/yL/pcOz+k3lwQstpt+XpCQ=,J8nt+kHO1mRfPaVFneK7CuhZykM=
24,59,Mmj9/yL/pcOz+k3lwQstpt+XpCQ=,aq0FF0/IwMXGSuaIgzY7gaaFvr4=
23,55,Mmj9/yL/pcOz+k3lwQstpt+XpCQ=,rsQp514vi1jkU/kBj54V4Kg6ZcU=
23,57,Mmj9/yL/pcOz+k3lwQstpt+XpCQ=,KJaDZ3Pygd+r1pt1eAJwsiUWURI=
24,55,Mmj9/yL/pcOz+k3lwQstpt+XpCQ=,xNupem2pGP0ygkuiLQ1SEQjVQC8=
23,56,Mmj9/yL/pcOz+k3lwQstpt+XpCQ=,KJaDZ3Pygd+r1pt1eAJwsiUWURI=
24,57,Mmj9/yL/pcOz+k3lwQstpt+XpCQ=,lPpEYzC1SCuhger94ydcvRN/8yo=
23,58,Mmj9/yL/pcOz+k3lwQstpt+XpCQ=,XM6XJx/xpIMyo+xNjkPoT/hSlfI=
24,56,Mmj9/yL/pcOz+k3lwQstpt+XpCQ=,lPpEYzC1SCuhger94ydcvRN/8yo=
24,58,Mmj9/yL/pcOz+k3lwQstpt+XpCQ=,aq0FF0/IwMXGSuaIgzY7gaaFvr4=
26,58,Mmj9/yL/pcOz+k3lwQstpt+XpCQ=,qMr4IoSAQ65y3UzCnBG1KpULzLw=
26,57,Mmj9/yL/pcOz+k3lwQstpt+XpCQ=,jPiHsIb6dtzqsyUAXzFD6xJwP08=
25,57,Mmj9/yL/pcOz+k3lwQstpt+XpCQ=,lPpEYzC1SCuhger94ydcvRN/8yo=
25,58,Mmj9/yL/pcOz+k3lwQstpt+XpCQ=,aq0FF0/IwMXGSuaIgzY7gaaFvr4=
28,57,Mmj9/yL/pcOz+k3lwQstpt+XpCQ=,35AwE4qFhoc11K9HOS+Jp11YOzU=
28,58,Mmj9/yL/pcOz+k3lwQstpt+XpCQ=,ek98sjfOfTYaywgKvbTf2yBc9pE=
27,57,Mmj9/yL/pcOz+k3lwQstpt+XpCQ=,jPiHsIb6dtzqsyUAXzFD6xJwP08=
27,58,Mmj9/yL/pcOz+k3lwQstpt+XpCQ=,qMr4IoSAQ65y3UzCnBG1KpULzLw=
30,56,Mmj9/yL/pcOz+k3lwQstpt+XpCQ=,bzhACqxQLvgMI9ZrK1TyxixBLJQ=
29,56,Mmj9/yL/pcOz+k3lwQstpt+XpCQ=,35AwE4qFhoc11K9HOS+Jp11YOzU=
30,55,Mmj9/yL/pcOz+k3lwQstpt+XpCQ=,6lVFGk3xFF8N7kGEWBwUaUG9d8A=
29,55,Mmj9/yL/pcOz+k3lwQstpt+XpCQ=,+u5NdHdM0uhIR1sq0Em+O5wSB7Y=
30,54,Mmj9/yL/pcOz+k3lwQstpt+XpCQ=,6lVFGk3xFF8N7kGEWBwUaUG9d8A=
29,54,Mmj9/yL/pcOz+k3lwQstpt+XpCQ=,+u5NdHdM0uhIR1sq0Em+O5wSB7Y=
30,53,Mmj9/yL/pcOz+k3lwQstpt+XpCQ=,7VGpma2dFhczfj2N72spvJj0W+4=
29,53,Mmj9/yL/pcOz+k3lwQstpt+XpCQ=,dv3uOhQ3ExzTYbQ0Ob++7BE3dMs=
30,52,Mmj9/yL/pcOz+k3lwQstpt+XpCQ=,7VGpma2dFhczfj2N72spvJj0W+4=
29,52,d5B2mfl6ulEU71vXRPRjt0qW3Ag=,dv3uOhQ3ExzTYbQ0Ob++7BE3dMs=
30,51,d5B2mfl6ulEU71vXRPRjt0qW3Ag=,8omltfVrnKf50JVFEXY5ARgcTeM=
29,51,d5B2mfl6ulEU71vXRPRjt0qW3Ag=,gdcoVJikbH5KsKePTJTL4ag51jk=
30,50,d5B2mfl6ulEU71vXRPRjt0qW3Ag=,8omltfVrnKf50JVFEXY5ARgcTeM=
29,49,d5B2mfl6ulEU71vXRPRjt0qW3Ag=,l0Bmd2u+X/sl4bGoQ90Fc2BySOA=
30,49,d5B2mfl6ulEU71vXRPRjt0qW3Ag=,Rq/MP2wN5D4Rs/EM0cUgQrSTHQo=
29,50,d5B2mfl6ulEU71vXRPRjt0qW3Ag=,gdcoVJikbH5KsKePTJTL4ag51jk=
27,49,d5B2mfl6ulEU71vXRPRjt0qW3Ag=,akex1T0ABmrPK7HTJz5svfjrPV0=
28,50,d5B2mfl6ulEU71vXRPRjt0qW3Ag=,gdcoVJikbH5KsKePTJTL4ag51jk=
23,51,d5B2mfl6ulEU71vXRPRjt0qW3Ag=,2F+T6rkJQBFaerPP5YnlrsyFZo8=
27,50,d5B2mfl6ulEU71vXRPRjt0qW3Ag=,R06Xtkwzt2EAWaVrP52ZBRypXx0=
28,49,d5B2mfl6ulEU71vXRPRjt0qW3Ag=,l0Bmd2u+X/sl4bGoQ90Fc2BySOA=
23,52,d5B2mfl6ulEU71vXRPRjt0qW3Ag=,KES4WxJ/JFvLnOAGuCxWr0m0jvc=
24,51,d5B2mfl6ulEU71vXRPRjt0qW3Ag=,FQIZAC4kxKWzTrPjuWwik7jrtNk=
24,52,d5B2mfl6ulEU71vXRPRjt0qW3Ag=,0eYK3qLKgbolLbU0rdIAop0MUJc=
26,50,d5B2mfl6ulEU71vXRPRjt0qW3Ag=,R06Xtkwzt2EAWaVrP52ZBRypXx0=
26,49,d5B2mfl6ulEU71vXRPRjt0qW3Ag=,akex1T0ABmrPK7HTJz5svfjrPV0=
25,50,d5B2mfl6ulEU71vXRPRjt0qW3Ag=,FQIZAC4kxKWzTrPjuWwik7jrtNk=
17,48,d5B2mfl6ulEU71vXRPRjt0qW3Ag=,jhoixxrmfSFwH4FhpVJzFC/cY04=
25,49,d5B2mfl6ulEU71vXRPRjt0qW3Ag=,w7lfNl9MsLYMmpq7lF0yv+V4zdo=
21,50,d5B2mfl6ulEU71vXRPRjt0qW3Ag=,CJEVOptRJFH5LcZWvFp695o3mus=
19,48,d5B2mfl6ulEU71vXRPRjt0qW3Ag=,xWmwaSm2+A8GHSi3JE8n0lYb2WY=
18,48,d5B2mfl6ulEU71vXRPRjt0qW3Ag=,xWmwaSm2+A8GHSi3JE8n0lYb2WY=
22,49,d5B2mfl6ulEU71vXRPRjt0qW3Ag=,05GUDStslBIsf6a4K86vcb3QVw4=
23,48,d5B2mfl6ulEU71vXRPRjt0qW3Ag=,05GUDStslBIsf6a4K86vcb3QVw4=
20,48,d5B2mfl6ulEU71vXRPRjt0qW3Ag=,P3M4s/nH9WopqkYjDlwXUlNSG4M=
23,50,d5B2mfl6ulEU71vXRPRjt0qW3Ag=,2F+T6rkJQBFaerPP5YnlrsyFZo8=
16,54,d5B2mfl6ulEU71vXRPRjt0qW3Ag=,vySzEg2ZuqxVh6c157mMmfC6llQ=
21,49,d5B2mfl6ulEU71vXRPRjt0qW3Ag=,P3M4s/nH9WopqkYjDlwXUlNSG4M=
16,56,d5B2mfl6ulEU71vXRPRjt0qW3Ag=,R+SEfrGLqi7BEfmR+lm4Lzfwdz0=
21,48,d5B2mfl6ulEU71vXRPRjt0qW3Ag=,P3M4s/nH9WopqkYjDlwXUlNSG4M=
16,53,d5B2mfl6ulEU71vXRPRjt0qW3Ag=,ezhE8T+R4xiSMRzNOxiXFtNpz04=
24,49,d5B2mfl6ulEU71vXRPRjt0qW3Ag=,w7lfNl9MsLYMmpq7lF0yv+V4zdo=
16,55,d5B2mfl6ulEU71vXRPRjt0qW3Ag=,vySzEg2ZuqxVh6c157mMmfC6llQ=
22,48,d5B2mfl6ulEU71vXRPRjt0qW3Ag=,05GUDStslBIsf6a4K86vcb3QVw4=
16,58,d5B2mfl6ulEU71vXRPRjt0qW3Ag=,npKTIOe/4QpAkwKEg0u968OG5QQ=
16,63,d5B2mfl6ulEU71vXRPRjt0qW3Ag=,WiF2MzeNRIdU+wLczBEqt7Tbjj0=
16,57,d5B2mfl6ulEU71vXRPRjt0qW3Ag=,R+SEfrGLqi7BEfmR+lm4Lzfwdz0=
16,59,d5B2mfl6ulEU71vXRPRjt0qW3Ag=,npKTIOe/4QpAkwKEg0u968OG5QQ=
22,50,d5B2mfl6ulEU71vXRPRjt0qW3Ag=,2F+T6rkJQBFaerPP5YnlrsyFZo8=
24,50,d5B2mfl6ulEU71vXRPRjt0qW3Ag=,FQIZAC4kxKWzTrPjuWwik7jrtNk=
31,56,d5B2mfl6ulEU71vXRPRjt0qW3Ag=,bzhACqxQLvgMI9ZrK1TyxixBLJQ=
23,49,d5B2mfl6ulEU71vXRPRjt0qW3Ag=,05GUDStslBIsf6a4K86vcb3QVw4=
24,48,d5B2mfl6ulEU71vXRPRjt0qW3Ag=,w7lfNl9MsLYMmpq7lF0yv+V4zdo=
16,61,d5B2mfl6ulEU71vXRPRjt0qW3Ag=,7DQl0plBMHgVo6JGzesQ9H57YnU=
16,60,d5B2mfl6ulEU71vXRPRjt0qW3Ag=,7DQl0plBMHgVo6JGzesQ9H57YnU=
16,50,d5B2mfl6ulEU71vXRPRjt0qW3Ag=,9RaYZTMf5a/3eLMNHFgFEJ1XP0c=
16,51,d5B2mfl6ulEU71vXRPRjt0qW3Ag=,9RaYZTMf5a/3eLMNHFgFEJ1XP0c=
16,52,d5B2mfl6ulEU71vXRPRjt0qW3Ag=,ezhE8T+R4xiSMRzNOxiXFtNpz04=
16,49,d5B2mfl6ulEU71vXRPRjt0qW3Ag=,jhoixxrmfSFwH4FhpVJzFC/cY04=
31,55,d5B2mfl6ulEU71vXRPRjt0qW3Ag=,6lVFGk3xFF8N7kGEWBwUaUG9d8A=
16,62,d5B2mfl6ulEU71vXRPRjt0qW3Ag=,WiF2MzeNRIdU+wLczBEqt7Tbjj0=
30,58,d5B2mfl6ulEU71vXRPRjt0qW3Ag=,/56aiOadMh/acOt9xEHhXIPS8pI=
29,57,d5B2mfl6ulEU71vXRPRjt0qW3Ag=,35AwE4qFhoc11K9HOS+Jp11YOzU=
30,57,d5B2mfl6ulEU71vXRPRjt0qW3Ag=,bzhACqxQLvgMI9ZrK1TyxixBLJQ=
29,58,d5B2mfl6ulEU71vXRPRjt0qW3Ag=,ek98sjfOfTYaywgKvbTf2yBc9pE=
30,60,d5B2mfl6ulEU71vXRPRjt0qW3Ag=,TimKlua8+DJlUsriujZs6XyCyFM=
29,60,d5B2mfl6ulEU71vXRPRjt0qW3Ag=,qqWXI6aYAGsQRWowEomTBvS7IAQ=
30,59,d5B2mfl6ulEU71vXRPRjt0qW3Ag=,/56aiOadMh/acOt9xEHhXIPS8pI=
29,59,d5B2mfl6ulEU71vXRPRjt0qW3Ag=,ek98sjfOfTYaywgKvbTf2yBc9pE=
30,62,d5B2mfl6ulEU71vXRPRjt0qW3Ag=,C/uuqB7d5DKg8X7VHVZdkOzyKnI=
30,63,d5B2mfl6ulEU71vXRPRjt0qW3Ag=,C/uuqB7d5DKg8X7VHVZdkOzyKnI=
30,61,d5B2mfl6ulEU71vXRPRjt0qW3Ag=,TimKlua8+DJlUsriujZs6XyCyFM=
29,61,d5B2mfl6ulEU71vXRPRjt0qW3Ag=,qqWXI6aYAGsQRWowEomTBvS7IAQ=
29,62,d5B2mfl6ulEU71vXRPRjt0qW3Ag=,sI4bKNDYDs3XnZl6NxD5ckOlAQ0=
29,63,d5B2mfl6ulEU71vXRPRjt0qW3Ag=,sI4bKNDYDs3XnZl6NxD5ckOlAQ0=
31,58,d5B2mfl6ulEU71vXRPRjt0qW3Ag=,/56aiOadMh/acOt9xEHhXIPS8pI=
31,57,d5B2mfl6ulEU71vXRPRjt0qW3Ag=,bzhACqxQLvgMI9ZrK1TyxixBLJQ=
31,60,d5B2mfl6ulEU71vXRPRjt0qW3Ag=,TimKlua8+DJlUsriujZs6XyCyFM=
31,59,d5B2mfl6ulEU71vXRPRjt0qW3Ag=,/56aiOadMh/acOt9xEHhXIPS8pI=
31,62,d5B2mfl6ulEU71vXRPRjt0qW3Ag=,C/uuqB7d5DKg8X7VHVZdkOzyKnI=
31,61,d5B2mfl6ulEU71vXRPRjt0qW3Ag=,TimKlua8+DJlUsriujZs6XyCyFM=
31,63,d5B2mfl6ulEU71vXRPRjt0qW3Ag=,C/uuqB7d5DKg8X7VHVZdkOzyKnI=
27,63,d5B2mfl6ulEU71vXRPRjt0qW3Ag=,vATlJgNVTbvGHkffmYC547lWAXA=
28,63,d5B2mfl6ulEU71vXRPRjt0qW3Ag=,sI4bKNDYDs3XnZl6NxD5ckOlAQ0=
31,54,d5B2mfl6ulEU71vXRPRjt0qW3Ag=,6lVFGk3xFF8N7kGEWBwUaUG9d8A=
31,53,d5B2mfl6ulEU71vXRPRjt0qW3Ag=,7VGpma2dFhczfj2N72spvJj0W+4=
31,50,d5B2mfl6ulEU71vXRPRjt0qW3Ag=,8omltfVrnKf50JVFEXY5ARgcTeM=
31,51,d5B2mfl6ulEU71vXRPRjt0qW3Ag=,8omltfVrnKf50JVFEXY5ARgcTeM=
31,52,d5B2mfl6ulEU71vXRPRjt0qW3Ag=,7VGpma2dFhczfj2N72spvJj0W+4=
31,49,d5B2mfl6ulEU71vXRPRjt0qW3Ag=,Rq/MP2wN5D4Rs/EM0cUgQrSTHQo=
25,63,d5B2mfl6ulEU71vXRPRjt0qW3Ag=,hzMwMmGJcaOsNP+KlZP2OtdORuA=
28,48,d5B2mfl6ulEU71vXRPRjt0qW3Ag=,l0Bmd2u+X/sl4bGoQ90Fc2BySOA=
27,48,d5B2mfl6ulEU71vXRPRjt0qW3Ag=,akex1T0ABmrPK7HTJz5svfjrPV0=
26,48,d5B2mfl6ulEU71vXRPRjt0qW3Ag=,akex1T0ABmrPK7HTJz5svfjrPV0=
29,48,d5B2mfl6ulEU71vXRPRjt0qW3Ag=,l0Bmd2u+X/sl4bGoQ90Fc2BySOA=
26,60,d5B2mfl6ulEU71vXRPRjt0qW3Ag=,ezHYGQZVZnv6GdqHzotDe0F1ba0=
30,48,d5B2mfl6ulEU71vXRPRjt0qW3Ag=,Rq/MP2wN5D4Rs/EM0cUgQrSTHQo=
25,48,d5B2mfl6ulEU71vXRPRjt0qW3Ag=,w7lfNl9MsLYMmpq7lF0yv+V4zdo=
23,61,d5B2mfl6ulEU71vXRPRjt0qW3Ag=,Nxtt4thDL8aSGCxslMa47d3OVWo=
25,59,d5B2mfl6ulEU71vXRPRjt0qW3Ag=,aq0FF0/IwMXGSuaIgzY7gaaFvr4=
26,62,d5B2mfl6ulEU71vXRPRjt0qW3Ag=,vATlJgNVTbvGHkffmYC547lWAXA=
28,62,d5B2mfl6ulEU71vXRPRjt0qW3Ag=,sI4bKNDYDs3XnZl6NxD5ckOlAQ0=
23,63,d5B2mfl6ulEU71vXRPRjt0qW3Ag=,YWQ0SF5WUZLjB4OKAN55n46P7co=
28,59,d5B2mfl6ulEU71vXRPRjt0qW3Ag=,ek98sjfOfTYaywgKvbTf2yBc9pE=
25,60,d5B2mfl6ulEU71vXRPRjt0qW3Ag=,J8nt+kHO1mRfPaVFneK7CuhZykM=
28,61,d5B2mfl6ulEU71vXRPRjt0qW3Ag=,qqWXI6aYAGsQRWowEomTBvS7IAQ=
26,61,d5B2mfl6ulEU71vXRPRjt0qW3Ag=,ezHYGQZVZnv6GdqHzotDe0F1ba0=
28,60,d5B2mfl6ulEU71vXRPRjt0qW3Ag=,qqWXI6aYAGsQRWowEomTBvS7IAQ=
26,63,d5B2mfl6ulEU71vXRPRjt0qW3Ag=,vATlJgNVTbvGHkffmYC547lWAXA=
27,60,d5B2mfl6ulEU71vXRPRjt0qW3Ag=,ezHYGQZVZnv6GdqHzotDe0F1ba0=
27,62,d5B2mfl6ulEU71vXRPRjt0qW3Ag=,vATlJgNVTbvGHkffmYC547lWAXA=
26,59,d5B2mfl6ulEU71vXRPRjt0qW3Ag=,qMr4IoSAQ65y3UzCnBG1KpULzLw=
25,61,d5B2mfl6ulEU71vXRPRjt0qW3Ag=,J8nt+kHO1mRfPaVFneK7CuhZykM=
31,48,d5B2mfl6ulEU71vXRPRjt0qW3Ag=,Rq/MP2wN5D4Rs/EM0cUgQrSTHQo=
27,61,d5B2mfl6ulEU71vXRPRjt0qW3Ag=,ezHYGQZVZnv6GdqHzotDe0F1ba0=
16,48,d5B2mfl6ulEU71vXRPRjt0qW3Ag=,jhoixxrmfSFwH4FhpVJzFC/cY04=
24,63,d5B2mfl6ulEU71vXRPRjt0qW3Ag=,hzMwMmGJcaOsNP+KlZP2OtdORuA=
23,62,d5B2mfl6ulEU71vXRPRjt0qW3Ag=,YWQ0SF5WUZLjB4OKAN55n46P7co=
25,62,d5B2mfl6ulEU71vXRPRjt0qW3Ag=,hzMwMmGJcaOsNP+KlZP2OtdORuA=
24,62,d5B2mfl6ulEU71vXRPRjt0qW3Ag=,hzMwMmGJcaOsNP+KlZP2OtdORuA=
27,59,d5B2mfl6ulEU71vXRPRjt0qW3Ag=,qMr4IoSAQ65y3UzCnBG1KpULzLw=
24,61,d5B2mfl6ulEU71vXRPRjt0qW3Ag=,J8nt+kHO1mRfPaVFneK7CuhZykM=
28,55,0RdGZNlkS/AyATur9Wii1fgZzok=,+u5NdHdM0uhIR1sq0Em+O5wSB7Y=
28,56,0RdGZNlkS/AyATur9Wii1fgZzok=,35AwE4qFhoc11K9HOS+Jp11YOzU=
25,56,0RdGZNlkS/AyATur9Wii1fgZzok=,lPpEYzC1SCuhger94ydcvRN/8yo=
27,56,0RdGZNlkS/AyATur9Wii1fgZzok=,jPiHsIb6dtzqsyUAXzFD6xJwP08=
26,55,0RdGZNlkS/AyATur9Wii1fgZzok=,4bdhHUM2L1P6RzEGSz5RNO0u/6I=
28,53,0RdGZNlkS/AyATur9Wii1fgZzok=,dv3uOhQ3ExzTYbQ0Ob++7BE3dMs=
25,55,0RdGZNlkS/AyATur9Wii1fgZzok=,xNupem2pGP0ygkuiLQ1SEQjVQC8=
27,55,0RdGZNlkS/AyATur9Wii1fgZzok=,4bdhHUM2L1P6RzEGSz5RNO0u/6I=
26,54,0RdGZNlkS/AyATur9Wii1fgZzok=,4bdhHUM2L1P6RzEGSz5RNO0u/6I=
27,53,0RdGZNlkS/AyATur9Wii1fgZzok=,Nv1cYKxEYSoBJqONzVxfnrUn34I=
28,51,0RdGZNlkS/AyATur9Wii1fgZzok=,gdcoVJikbH5KsKePTJTL4ag51jk=
26,56,0RdGZNlkS/AyATur9Wii1fgZzok=,jPiHsIb6dtzqsyUAXzFD6xJwP08=
25,53,0RdGZNlkS/AyATur9Wii1fgZzok=,0eYK3qLKgbolLbU0rdIAop0MUJc=
27,52,0RdGZNlkS/AyATur9Wii1fgZzok=,Nv1cYKxEYSoBJqONzVxfnrUn34I=
26,53,0RdGZNlkS/AyATur9Wii1fgZzok=,Nv1cYKxEYSoBJqONzVxfnrUn34I=
25,54,0RdGZNlkS/AyATur9Wii1fgZzok=,xNupem2pGP0ygkuiLQ1SEQjVQC8=
27,51,0RdGZNlkS/AyATur9Wii1fgZzok=,R06Xtkwzt2EAWaVrP52ZBRypXx0=
26,52,0RdGZNlkS/AyATur9Wii1fgZzok=,Nv1cYKxEYSoBJqONzVxfnrUn34I=
25,52,0RdGZNlkS/AyATur9Wii1fgZzok=,0eYK3qLKgbolLbU0rdIAop0MUJc=
25,51,0RdGZNlkS/AyATur9Wii1fgZzok=,FQIZAC4kxKWzTrPjuWwik7jrtNk=
28,52,0RdGZNlkS/AyATur9Wii1fgZzok=,dv3uOhQ3ExzTYbQ0Ob++7BE3dMs=
27,54,0RdGZNlkS/AyATur9Wii1fgZzok=,4bdhHUM2L1P6RzEGSz5RNO0u/6I=
26,51,0RdGZNlkS/AyATur9Wii1fgZzok=,R06Xtkwzt2EAWaVrP52ZBRypXx0=
28,54,0RdGZNlkS/AyATur9Wii1fgZzok=,+u5NdHdM0uhIR1sq0Em+O5wSB7Y=
30,34,0RdGZNlkS/AyATur9Wii1fgZzok=,AyQeKrXB6Cvqo+K+MO5bWkBrIwc=
29,34,0RdGZNlkS/AyATur9Wii1fgZzok=,SVJC2rUF+WSZbTeuldBq/iFUND8=
30,33,0RdGZNlkS/AyATur9Wii1fgZzok=,2sXlOEJJzX4sMi8ZSK4CXrpuaGc=
29,33,0RdGZNlkS/AyATur9Wii1fgZzok=,3sLgPiEsJ1Epk4svSLmWiQZVE44=
28,34,0RdGZNlkS/AyATur9Wii1fgZzok=,SVJC2rUF+WSZbTeuldBq/iFUND8=
27,34,0RdGZNlkS/AyATur9Wii1fgZzok=,5iD/tc5mpliLwgcmmRcuDGucwPI=
27,33,0RdGZNlkS/AyATur9Wii1fgZzok=,O5cw2BiMsNzzvTWsEb68uB60OVs=
28,33,0RdGZNlkS/AyATur9Wii1fgZzok=,3sLgPiEsJ1Epk4svSLmWiQZVE44=
25,33,0RdGZNlkS/AyATur9Wii1fgZzok=,iNJhYkGBHIkARmFEtKq/v6XCxcY=
25,34,0RdGZNlkS/AyATur9Wii1fgZzok=,nEyGJ+J4Ek4URVvxpkh1jJ+fR7g=
26,33,0RdGZNlkS/AyATur9Wii1fgZzok=,O5cw2BiMsNzzvTWsEb68uB60OVs=
26,34,0RdGZNlkS/AyATur9Wii1fgZzok=,5iD/tc5mpliLwgcmmRcuDGucwPI=
25,35,0RdGZNlkS/AyATur9Wii1fgZzok=,nEyGJ+J4Ek4URVvxpkh1jJ+fR7g=
26,35,0RdGZNlkS/AyATur9Wii1fgZzok=,5iD/tc5mpliLwgcmmRcuDGucwPI=
25,36,0RdGZNlkS/AyATur9Wii1fgZzok=,A1cVFGjDvjN+egVby4wf0+BuXow=
26,38,0RdGZNlkS/AyATur9Wii1fgZzok=,WS8lEFOR0GOdH+3+YzgK7Fbi654=
26,36,0RdGZNlkS/AyATur9Wii1fgZzok=,jGPXN+PkIILK/Inx+xrO+2Y0c2c=
26,37,0RdGZNlkS/AyATur9Wii1fgZzok=,jGPXN+PkIILK/Inx+xrO+2Y0c2c=
25,37,0RdGZNlkS/AyATur9Wii1fgZzok=,A1cVFGjDvjN+egVby4wf0+BuXow=
25,38,0RdGZNlkS/AyATur9Wii1fgZzok=,2hpz/ddkRTG8KoCZ2WtkaepLfNA=
30,40,Gl5/TsWxLFNJ8M5gmJW7IM8noBE=,pJfR6qIn0tluXcFoiuw8MUy8LyA=
30,39,Gl5/TsWxLFNJ8M5gmJW7IM8noBE=,oHpIbv8adXEWwwBFYtR8WI/FoIY=
29,40,Gl5/TsWxLFNJ8M5gmJW7IM8noBE=,lyeEZlxBVd2lFLtfk0ReRB7X8h0=
29,39,Gl5/TsWxLFNJ8M5gmJW7IM8noBE=,dOekpdqt0g2tgtJeywl4q7mTyuo=
27,38,Gl5/TsWxLFNJ8M5gmJW7IM8noBE=,WS8lEFOR0GOdH+3+YzgK7Fbi654=
30,38,Gl5/TsWxLFNJ8M5gmJW7IM8noBE=,oHpIbv8adXEWwwBFYtR8WI/FoIY=
28,37,Gl5/TsWxLFNJ8M5gmJW7IM8noBE=,LU/asXKvr0pXhHggPSx+J5ZDpGk=
30,36,Gl5/TsWxLFNJ8M5gmJW7IM8noBE=,/W2WUxE6uZlrkpzTDpWxmngz8QY=
27,36,Gl5/TsWxLFNJ8M5gmJW7IM8noBE=,jGPXN+PkIILK/Inx+xrO+2Y0c2c=
30,37,Gl5/TsWxLFNJ8M5gmJW7IM8noBE=,/W2WUxE6uZlrkpzTDpWxmngz8QY=
28,36,Gl5/TsWxLFNJ8M5gmJW7IM8noBE=,LU/asXKvr0pXhHggPSx+J5ZDpGk=
29,36,Gl5/TsWxLFNJ8M5gmJW7IM8noBE=,LU/asXKvr0pXhHggPSx+J5ZDpGk=
28,35,Gl5/TsWxLFNJ8M5gmJW7IM8noBE=,SVJC2rUF+WSZbTeuldBq/iFUND8=
29,35,Gl5/TsWxLFNJ8M5gmJW7IM8noBE=,SVJC2rUF+WSZbTeuldBq/iFUND8=
30,35,Gl5/TsWxLFNJ8M5gmJW7IM8noBE=,AyQeKrXB6Cvqo+K+MO5bWkBrIwc=
27,37,Gl5/TsWxLFNJ8M5gmJW7IM8noBE=,jGPXN+PkIILK/Inx+xrO+2Y0c2c=
29,38,Gl5/TsWxLFNJ8M5gmJW7IM8noBE=,dOekpdqt0g2tgtJeywl4q7mTyuo=
28,38,Gl5/TsWxLFNJ8M5gmJW7IM8noBE=,dOekpdqt0g2tgtJeywl4q7mTyuo=
29,41,Gl5/TsWxLFNJ8M5gmJW7IM8noBE=,lyeEZlxBVd2lFLtfk0ReRB7X8h0=
29,42,Gl5/TsWxLFNJ8M5gmJW7IM8noBE=,YaVXrEW7cRaoRM2Gl+occm0awwY=
29,37,Gl5/TsWxLFNJ8M5gmJW7IM8noBE=,LU/asXKvr0pXhHggPSx+J5ZDpGk=
30,42,Gl5/TsWxLFNJ8M5gmJW7IM8noBE=,DRcI9SmXB9ZoV1+Y4XqwBiwJa9A=
27,35,Gl5/TsWxLFNJ8M5gmJW7IM8noBE=,5iD/tc5mpliLwgcmmRcuDGucwPI=
30,41,Gl5/TsWxLFNJ8M5gmJW7IM8noBE=,pJfR6qIn0tluXcFoiuw8MUy8LyA=
30,44,Gl5/TsWxLFNJ8M5gmJW7IM8noBE=,4sXzrpek057sCkwXmQpgLvB2yJY=
29,43,Gl5/TsWxLFNJ8M5gmJW7IM8noBE=,YaVXrEW7cRaoRM2Gl+occm0awwY=
30,46,Gl5/TsWxLFNJ8M5gmJW7IM8noBE=,UTN/MgCG/1dnY2faIYyHogI7ZHI=
30,43,Gl5/TsWxLFNJ8M5gmJW7IM8noBE=,DRcI9SmXB9ZoV1+Y4XqwBiwJa9A=
30,45,Gl5/TsWxLFNJ8M5gmJW7IM8noBE=,4sXzrpek057sCkwXmQpgLvB2yJY=
29,46,Gl5/TsWxLFNJ8M5gmJW7IM8noBE=,0XpP2XPahEyVTUPPlLFMr1UZL2o=
29,44,Gl5/TsWxLFNJ8M5gmJW7IM8noBE=,8m6s9cAnk1qiSzppkVyvcj2OMSo=
29,45,Gl5/TsWxLFNJ8M5gmJW7IM8noBE=,8m6s9cAnk1qiSzppkVyvcj2OMSo=
26,43,IAQPPBie7JJRpdqc6eA4VarQBzw=,JEIrbQSBNHN5XT7ThHpCbhquFAs=
27,44,IAQPPBie7JJRpdqc6eA4VarQBzw=,De5grZnV4iKUb0cc/FRTeh4gjok=
28,43,IAQPPBie7JJRpdqc6eA4VarQBzw=,YaVXrEW7cRaoRM2Gl+occm0awwY=
25,43,IAQPPBie7JJRpdqc6eA4VarQBzw=,nONDu3huqHoXi7yxGEl+nvrqnKQ=
25,44,IAQPPBie7JJRpdqc6eA4VarQBzw=,ow59JKVbEAcu7/duTkNE42TOBqQ=
27,43,IAQPPBie7JJRpdqc6eA4VarQBzw=,JEIrbQSBNHN5XT7ThHpCbhquFAs=
28,44,IAQPPBie7JJRpdqc6eA4VarQBzw=,8m6s9cAnk1qiSzppkVyvcj2OMSo=
26,44,IAQPPBie7JJRpdqc6eA4VarQBzw=,De5grZnV4iKUb0cc/FRTeh4gjok=
28,42,IAQPPBie7JJRpdqc6eA4VarQBzw=,YaVXrEW7cRaoRM2Gl+occm0awwY=
26,41,IAQPPBie7JJRpdqc6eA4VarQBzw=,yRoNOhWtmSYO7afRiN6AgswcYBQ=
27,42,IAQPPBie7JJRpdqc6eA4VarQBzw=,JEIrbQSBNHN5XT7ThHpCbhquFAs=
26,39,IAQPPBie7JJRpdqc6eA4VarQBzw=,WS8lEFOR0GOdH+3+YzgK7Fbi654=
28,40,IAQPPBie7JJRpdqc6eA4VarQBzw=,lyeEZlxBVd2lFLtfk0ReRB7X8h0=
25,39,IAQPPBie7JJRpdqc6eA4VarQBzw=,2hpz/ddkRTG8KoCZ2WtkaepLfNA=
25,42,IAQPPBie7JJRpdqc6eA4VarQBzw=,nONDu3huqHoXi7yxGEl+nvrqnKQ=
25,41,IAQPPBie7JJRpdqc6eA4VarQBzw=,HF0pgC8md2/f1pPWC5NVBOni2dE=
27,39,IAQPPBie7JJRpdqc6eA4VarQBzw=,WS8lEFOR0GOdH+3+YzgK7Fbi654=
27,41,IAQPPBie7JJRpdqc6eA4VarQBzw=,yRoNOhWtmSYO7afRiN6AgswcYBQ=
25,40,IAQPPBie7JJRpdqc6eA4VarQBzw=,HF0pgC8md2/f1pPWC5NVBOni2dE=
28,41,IAQPPBie7JJRpdqc6eA4VarQBzw=,lyeEZlxBVd2lFLtfk0ReRB7X8h0=
26,42,IAQPPBie7JJRpdqc6eA4VarQBzw=,JEIrbQSBNHN5XT7ThHpCbhquFAs=
28,39,IAQPPBie7JJRpdqc6eA4VarQBzw=,dOekpdqt0g2tgtJeywl4q7mTyuo=
27,40,IAQPPBie7JJRpdqc6eA4VarQBzw=,yRoNOhWtmSYO7afRiN6AgswcYBQ=
26,40,IAQPPBie7JJRpdqc6eA4VarQBzw=,yRoNOhWtmSYO7afRiN6AgswcYBQ=
24,40,IAQPPBie7JJRpdqc6eA4VarQBzw=,HF0pgC8md2/f1pPWC5NVBOni2dE=
24,39,IAQPPBie7JJRpdqc6eA4VarQBzw=,2hpz/ddkRTG8KoCZ2WtkaepLfNA=
23,39,IAQPPBie7JJRpdqc6eA4VarQBzw=,L1iPf+4zdWw5vJVyCHjie3wYP5I=
23,40,IAQPPBie7JJRpdqc6eA4VarQBzw=,41gqEx3D98f/7Vl1FDPSd5x8WAI=
21,39,IAQPPBie7JJRpdqc6eA4VarQBzw=,dkLIJ3z1HGrJtBACyCccGXEeEiM=
21,40,IAQPPBie7JJRpdqc6eA4VarQBzw=,hfSpqz0SdF+Uci+HWqV094yeY08=
22,39,IAQPPBie7JJRpdqc6eA4VarQBzw=,L1iPf+4zdWw5vJVyCHjie3wYP5I=
22,40,IAQPPBie7JJRpdqc6eA4VarQBzw=,41gqEx3D98f/7Vl1FDPSd5x8WAI=
20,40,IAQPPBie7JJRpdqc6eA4VarQBzw=,hfSpqz0SdF+Uci+HWqV094yeY08=
19,40,IAQPPBie7JJRpdqc6eA4VarQBzw=,N0bPVOp+NMA5ZFmCEGgELH/GJUE=
20,39,IAQPPBie7JJRpdqc6eA4VarQBzw=,dkLIJ3z1HGrJtBACyCccGXEeEiM=
19,39,IAQPPBie7JJRpdqc6eA4VarQBzw=,YbIKz7Os2e47fZWUFCM7U1XdHtU=
18,40,IAQPPBie7JJRpdqc6eA4VarQBzw=,N0bPVOp+NMA5ZFmCEGgELH/GJUE=
17,39,IAQPPBie7JJRpdqc6eA4VarQBzw=,mtaH8gNIiyOugZCses1lLOX9IWQ=
17,40,IAQPPBie7JJRpdqc6eA4VarQBzw=,1lJDddngr+Hy/E+9+o52EOeNT+c=
18,39,IAQPPBie7JJRpdqc6eA4VarQBzw=,YbIKz7Os2e47fZWUFCM7U1XdHtU=
17,42,IAQPPBie7JJRpdqc6eA4VarQBzw=,tSjwIWa9zVp/Po8KiFdLiwa3Dyw=
17,41,IAQPPBie7JJRpdqc6eA4VarQBzw=,1lJDddngr+Hy/E+9+o52EOeNT+c=
18,41,IAQPPBie7JJRpdqc6eA4VarQBzw=,N0bPVOp+NMA5ZFmCEGgELH/GJUE=
18,42,IAQPPBie7JJRpdqc6eA4VarQBzw=,gORojbw4+kZEE0Ee3kOpCr0p3po=
20,41,IAQPPBie7JJRpdqc6eA4VarQBzw=,hfSpqz0SdF+Uci+HWqV094yeY08=
19,42,IAQPPBie7JJRpdqc6eA4VarQBzw=,gORojbw4+kZEE0Ee3kOpCr0p3po=
19,41,IAQPPBie7JJRpdqc6eA4VarQBzw=,N0bPVOp+NMA5ZFmCEGgELH/GJUE=
20,42,IAQPPBie7JJRpdqc6eA4VarQBzw=,Z4w8Sx1yGYSKmrgAs+h0dSICc/w=
18,43,opaSHzQFnfgA4oNPPY/zj0PDCh4=,gORojbw4+kZEE0Ee3kOpCr0p3po=
19,43,opaSHzQFnfgA4oNPPY/zj0PDCh4=,gORojbw4+kZEE0Ee3kOpCr0p3po=
17,43,opaSHzQFnfgA4oNPPY/zj0PDCh4=,tSjwIWa9zVp/Po8KiFdLiwa3Dyw=
20,43,opaSHzQFnfgA4oNPPY/zj0PDCh4=,Z4w8Sx1yGYSKmrgAs+h0dSICc/w=
18,44,opaSHzQFnfgA4oNPPY/zj0PDCh4=,RtaQzaoXC7yLOdX2DyR7WKdZd9A=
19,44,opaSHzQFnfgA4oNPPY/zj0PDCh4=,RtaQzaoXC7yLOdX2DyR7WKdZd9A=
17,44,opaSHzQFnfgA4oNPPY/zj0PDCh4=,f54PkCJ5G8EuEKylBi6RcWAIOKI=
20,44,opaSHzQFnfgA4oNPPY/zj0PDCh4=,rrNkdaSLrtZJ1KroFKIjIpQJKsw=
19,45,opaSHzQFnfgA4oNPPY/zj0PDCh4=,RtaQzaoXC7yLOdX2DyR7WKdZd9A=
20,45,opaSHzQFnfgA4oNPPY/zj0PDCh4=,rrNkdaSLrtZJ1KroFKIjIpQJKsw=
20,46,opaSHzQFnfgA4oNPPY/zj0PDCh4=,dkLfPyy8iQWsyxU7ufDh7Qa1LEA=
19,46,opaSHzQFnfgA4oNPPY/zj0PDCh4=,dxuSw0os8aUO31vbgGk7QQFkqTY=
22,45,opaSHzQFnfgA4oNPPY/zj0PDCh4=,xeKlnkwQKjHIHfmnMl4aSPOzQCk=
22,46,opaSHzQFnfgA4oNPPY/zj0PDCh4=,uev3VpBf0uKbQostCoRpLcIlYt8=
21,45,opaSHzQFnfgA4oNPPY/zj0PDCh4=,rrNkdaSLrtZJ1KroFKIjIpQJKsw=
24,41,opaSHzQFnfgA4oNPPY/zj0PDCh4=,HF0pgC8md2/f1pPWC5NVBOni2dE=
21,46,opaSHzQFnfgA4oNPPY/zj0PDCh4=,dkLfPyy8iQWsyxU7ufDh7Qa1LEA=
21,41,opaSHzQFnfgA4oNPPY/zj0PDCh4=,hfSpqz0SdF+Uci+HWqV094yeY08=
21,44,opaSHzQFnfgA4oNPPY/zj0PDCh4=,rrNkdaSLrtZJ1KroFKIjIpQJKsw=
23,44,opaSHzQFnfgA4oNPPY/zj0PDCh4=,xeKlnkwQKjHIHfmnMl4aSPOzQCk=
21,42,opaSHzQFnfgA4oNPPY/zj0PDCh4=,Z4w8Sx1yGYSKmrgAs+h0dSICc/w=
24,43,opaSHzQFnfgA4oNPPY/zj0PDCh4=,nONDu3huqHoXi7yxGEl+nvrqnKQ=
21,43,opaSHzQFnfgA4oNPPY/zj0PDCh4=,Z4w8Sx1yGYSKmrgAs+h0dSICc/w=
24,42,opaSHzQFnfgA4oNPPY/zj0PDCh4=,nONDu3huqHoXi7yxGEl+nvrqnKQ=
24,44,opaSHzQFnfgA4oNPPY/zj0PDCh4=,ow59JKVbEAcu7/duTkNE42TOBqQ=
22,42,opaSHzQFnfgA4oNPPY/zj0PDCh4=,m7iRYwF3EGVcuC3qziaVnhpGJTY=
22,44,opaSHzQFnfgA4oNPPY/zj0PDCh4=,xeKlnkwQKjHIHfmnMl4aSPOzQCk=
23,42,opaSHzQFnfgA4oNPPY/zj0PDCh4=,m7iRYwF3EGVcuC3qziaVnhpGJTY=
23,43,opaSHzQFnfgA4oNPPY/zj0PDCh4=,m7iRYwF3EGVcuC3qziaVnhpGJTY=
22,43,opaSHzQFnfgA4oNPPY/zj0PDCh4=,m7iRYwF3EGVcuC3qziaVnhpGJTY=
23,41,opaSHzQFnfgA4oNPPY/zj0PDCh4=,41gqEx3D98f/7Vl1FDPSd5x8WAI=
22,41,opaSHzQFnfgA4oNPPY/zj0PDCh4=,41gqEx3D98f/7Vl1FDPSd5x8WAI=
30,47,opaSHzQFnfgA4oNPPY/zj0PDCh4=,UTN/MgCG/1dnY2faIYyHogI7ZHI=
29,47,opaSHzQFnfgA4oNPPY/zj0PDCh4=,0XpP2XPahEyVTUPPlLFMr1UZL2o=
21,47,opaSHzQFnfgA4oNPPY/zj0PDCh4=,dkLfPyy8iQWsyxU7ufDh7Qa1LEA=
20,47,opaSHzQFnfgA4oNPPY/zj0PDCh4=,dkLfPyy8iQWsyxU7ufDh7Qa1LEA=
19,47,opaSHzQFnfgA4oNPPY/zj0PDCh4=,dxuSw0os8aUO31vbgGk7QQFkqTY=
22,47,opaSHzQFnfgA4oNPPY/zj0PDCh4=,uev3VpBf0uKbQostCoRpLcIlYt8=
16,43,opaSHzQFnfgA4oNPPY/zj0PDCh4=,tSjwIWa9zVp/Po8KiFdLiwa3Dyw=
16,44,opaSHzQFnfgA4oNPPY/zj0PDCh4=,f54PkCJ5G8EuEKylBi6RcWAIOKI=
16,41,opaSHzQFnfgA4oNPPY/zj0PDCh4=,1lJDddngr+Hy/E+9+o52EOeNT+c=
16,42,opaSHzQFnfgA4oNPPY/zj0PDCh4=,tSjwIWa9zVp/Po8KiFdLiwa3Dyw=
16,39,opaSHzQFnfgA4oNPPY/zj0PDCh4=,mtaH8gNIiyOugZCses1lLOX9IWQ=
23,47,opaSHzQFnfgA4oNPPY/zj0PDCh4=,uev3VpBf0uKbQostCoRpLcIlYt8=
16,40,opaSHzQFnfgA4oNPPY/zj0PDCh4=,1lJDddngr+Hy/E+9+o52EOeNT+c=
24,47,opaSHzQFnfgA4oNPPY/zj0PDCh4=,6vRULU6TfCpR1jmPfewsaJpQbsU=
24,45,opaSHzQFnfgA4oNPPY/zj0PDCh4=,ow59JKVbEAcu7/duTkNE42TOBqQ=
23,46,opaSHzQFnfgA4oNPPY/zj0PDCh4=,uev3VpBf0uKbQostCoRpLcIlYt8=
25,47,opaSHzQFnfgA4oNPPY/zj0PDCh4=,6vRULU6TfCpR1jmPfewsaJpQbsU=
28,46,opaSHzQFnfgA4oNPPY/zj0PDCh4=,0XpP2XPahEyVTUPPlLFMr1UZL2o=
23,45,opaSHzQFnfgA4oNPPY/zj0PDCh4=,xeKlnkwQKjHIHfmnMl4aSPOzQCk=
26,45,opaSHzQFnfgA4oNPPY/zj0PDCh4=,De5grZnV4iKUb0cc/FRTeh4gjok=
24,46,opaSHzQFnfgA4oNPPY/zj0PDCh4=,6vRULU6TfCpR1jmPfewsaJpQbsU=
25,45,opaSHzQFnfgA4oNPPY/zj0PDCh4=,ow59JKVbEAcu7/duTkNE42TOBqQ=
16,45,opaSHzQFnfgA4oNPPY/zj0PDCh4=,f54PkCJ5G8EuEKylBi6RcWAIOKI=
27,45,opaSHzQFnfgA4oNPPY/zj0PDCh4=,De5grZnV4iKUb0cc/FRTeh4gjok=
18,46,opaSHzQFnfgA4oNPPY/zj0PDCh4=,dxuSw0os8aUO31vbgGk7QQFkqTY=
25,46,opaSHzQFnfgA4oNPPY/zj0PDCh4=,6vRULU6TfCpR1jmPfewsaJpQbsU=
18,47,opaSHzQFnfgA4oNPPY/zj0PDCh4=,dxuSw0os8aUO31vbgGk7QQFkqTY=
18,45,opaSHzQFnfgA4oNPPY/zj0PDCh4=,RtaQzaoXC7yLOdX2DyR7WKdZd9A=
17,47,opaSHzQFnfgA4oNPPY/zj0PDCh4=,r9Kz0mirfAWV/oKwL5r9fxnNYgA=
26,46,opaSHzQFnfgA4oNPPY/zj0PDCh4=,j9ShMWW4eBrcr63uJAZPYqzWTEE=
27,46,opaSHzQFnfgA4oNPPY/zj0PDCh4=,j9ShMWW4eBrcr63uJAZPYqzWTEE=
28,45,opaSHzQFnfgA4oNPPY/zj0PDCh4=,8m6s9cAnk1qiSzppkVyvcj2OMSo=
28,47,opaSHzQFnfgA4oNPPY/zj0PDCh4=,0XpP2XPahEyVTUPPlLFMr1UZL2o=
17,45,opaSHzQFnfgA4oNPPY/zj0PDCh4=,f54PkCJ5G8EuEKylBi6RcWAIOKI=
26,47,opaSHzQFnfgA4oNPPY/zj0PDCh4=,j9ShMWW4eBrcr63uJAZPYqzWTEE=
16,46,opaSHzQFnfgA4oNPPY/zj0PDCh4=,r9Kz0mirfAWV/oKwL5r9fxnNYgA=
27,47,opaSHzQFnfgA4oNPPY/zj0PDCh4=,j9ShMWW4eBrcr63uJAZPYqzWTEE=
17,46,opaSHzQFnfgA4oNPPY/zj0PDCh4=,r9Kz0mirfAWV/oKwL5r9fxnNYgA=
18,37,opaSHzQFnfgA4oNPPY/zj0PDCh4=,npK8aKcKHK/Q7rtZSDtzyUMuKtQ=
17,37,opaSHzQFnfgA4oNPPY/zj0PDCh4=,uBDZobTg4JzhTmZroBIZpuYVp9M=
17,38,opaSHzQFnfgA4oNPPY/zj0PDCh4=,mtaH8gNIiyOugZCses1lLOX9IWQ=
18,38,opaSHzQFnfgA4oNPPY/zj0PDCh4=,YbIKz7Os2e47fZWUFCM7U1XdHtU=
18,35,opaSHzQFnfgA4oNPPY/zj0PDCh4=,k1NPsoHibLVFAVQIUhIw1jBarNw=
17,35,opaSHzQFnfgA4oNPPY/zj0PDCh4=,wLnghLky17uH0FbOUFaJayu9Dsw=
17,36,opaSHzQFnfgA4oNPPY/zj0PDCh4=,uBDZobTg4JzhTmZroBIZpuYVp9M=
18,36,opaSHzQFnfgA4oNPPY/zj0PDCh4=,npK8aKcKHK/Q7rtZSDtzyUMuKtQ=
19,33,5NIEniE5xUm+fNdGCtVNYUh5QgI=,FSCSRUff6dzCLJB9tD7cIuvzH64=
19,34,5NIEniE5xUm+fNdGCtVNYUh5QgI=,k1NPsoHibLVFAVQIUhIw1jBarNw=
20,33,5NIEniE5xUm+fNdGCtVNYUh5QgI=,bgAgI1JqNtmqiI7UVufwEtq1ask=
20,34,5NIEniE5xUm+fNdGCtVNYUh5QgI=,y6tgVEj2cI3eu6IUD4zftX6FDYA=
19,36,5NIEniE5xUm+fNdGCtVNYUh5QgI=,npK8aKcKHK/Q7rtZSDtzyUMuKtQ=
20,36,5NIEniE5xUm+fNdGCtVNYUh5QgI=,+z92HKwg0x9MlIJFtmQqKMESHhw=
19,35,5NIEniE5xUm+fNdGCtVNYUh5QgI=,k1NPsoHibLVFAVQIUhIw1jBarNw=
19,37,5NIEniE5xUm+fNdGCtVNYUh5QgI=,npK8aKcKHK/Q7rtZSDtzyUMuKtQ=
19,38,5NIEniE5xUm+fNdGCtVNYUh5QgI=,YbIKz7Os2e47fZWUFCM7U1XdHtU=
24,37,5NIEniE5xUm+fNdGCtVNYUh5QgI=,A1cVFGjDvjN+egVby4wf0+BuXow=
20,37,5NIEniE5xUm+fNdGCtVNYUh5QgI=,+z92HKwg0x9MlIJFtmQqKMESHhw=
22,37,5NIEniE5xUm+fNdGCtVNYUh5QgI=,O2LHAwiU2v976aDypdN41zH5tds=
20,38,5NIEniE5xUm+fNdGCtVNYUh5QgI=,dkLIJ3z1HGrJtBACyCccGXEeEiM=
24,38,5NIEniE5xUm+fNdGCtVNYUh5QgI=,2hpz/ddkRTG8KoCZ2WtkaepLfNA=
20,35,5NIEniE5xUm+fNdGCtVNYUh5QgI=,y6tgVEj2cI3eu6IUD4zftX6FDYA=
21,37,5NIEniE5xUm+fNdGCtVNYUh5QgI=,+z92HKwg0x9MlIJFtmQqKMESHhw=
23,37,5NIEniE5xUm+fNdGCtVNYUh5QgI=,O2LHAwiU2v976aDypdN41zH5tds=
22,38,5NIEniE5xUm+fNdGCtVNYUh5QgI=,L1iPf+4zdWw5vJVyCHjie3wYP5I=
24,32,5NIEniE5xUm+fNdGCtVNYUh5QgI=,iNJhYkGBHIkARmFEtKq/v6XCxcY=
23,32,5NIEniE5xUm+fNdGCtVNYUh5QgI=,mse9ZxGlJ//vlPk2kftKIiOAWs8=
29,32,5NIEniE5xUm+fNdGCtVNYUh5QgI=,3sLgPiEsJ1Epk4svSLmWiQZVE44=
30,32,5NIEniE5xUm+fNdGCtVNYUh5QgI=,2sXlOEJJzX4sMi8ZSK4CXrpuaGc=
21,34,5NIEniE5xUm+fNdGCtVNYUh5QgI=,y6tgVEj2cI3eu6IUD4zftX6FDYA=
23,38,5NIEniE5xUm+fNdGCtVNYUh5QgI=,L1iPf+4zdWw5vJVyCHjie3wYP5I=
21,38,5NIEniE5xUm+fNdGCtVNYUh5QgI=,dkLIJ3z1HGrJtBACyCccGXEeEiM=
31,34,5NIEniE5xUm+fNdGCtVNYUh5QgI=,AyQeKrXB6Cvqo+K+MO5bWkBrIwc=
21,33,5NIEniE5xUm+fNdGCtVNYUh5QgI=,bgAgI1JqNtmqiI7UVufwEtq1ask=
23,33,5NIEniE5xUm+fNdGCtVNYUh5QgI=,mse9ZxGlJ//vlPk2kftKIiOAWs8=
24,34,5NIEniE5xUm+fNdGCtVNYUh5QgI=,nEyGJ+J4Ek4URVvxpkh1jJ+fR7g=
23,34,5NIEniE5xUm+fNdGCtVNYUh5QgI=,RrTEmgebWNWkMLsDP39a8tEmS9o=
24,36,5NIEniE5xUm+fNdGCtVNYUh5QgI=,A1cVFGjDvjN+egVby4wf0+BuXow=
31,36,5NIEniE5xUm+fNdGCtVNYUh5QgI=,/W2WUxE6uZlrkpzTDpWxmngz8QY=
21,35,5NIEniE5xUm+fNdGCtVNYUh5QgI=,y6tgVEj2cI3eu6IUD4zftX6FDYA=
31,33,5NIEniE5xUm+fNdGCtVNYUh5QgI=,2sXlOEJJzX4sMi8ZSK4CXrpuaGc=
31,40,5NIEniE5xUm+fNdGCtVNYUh5QgI=,pJfR6qIn0tluXcFoiuw8MUy8LyA=
31,35,5NIEniE5xUm+fNdGCtVNYUh5QgI=,AyQeKrXB6Cvqo+K+MO5bWkBrIwc=
26,32,5NIEniE5xUm+fNdGCtVNYUh5QgI=,O5cw2BiMsNzzvTWsEb68uB60OVs=
31,39,5NIEniE5xUm+fNdGCtVNYUh5QgI=,oHpIbv8adXEWwwBFYtR8WI/FoIY=
28,32,5NIEniE5xUm+fNdGCtVNYUh5QgI=,3sLgPiEsJ1Epk4svSLmWiQZVE44=
31,42,5NIEniE5xUm+fNdGCtVNYUh5QgI=,DRcI9SmXB9ZoV1+Y4XqwBiwJa9A=
25,32,5NIEniE5xUm+fNdGCtVNYUh5QgI=,iNJhYkGBHIkARmFEtKq/v6XCxcY=
27,32,5NIEniE5xUm+fNdGCtVNYUh5QgI=,O5cw2BiMsNzzvTWsEb68uB60OVs=
31,41,5NIEniE5xUm+fNdGCtVNYUh5QgI=,pJfR6qIn0tluXcFoiuw8MUy8LyA=
31,37,5NIEniE5xUm+fNdGCtVNYUh5QgI=,/W2WUxE6uZlrkpzTDpWxmngz8QY=
22,36,5NIEniE5xUm+fNdGCtVNYUh5QgI=,O2LHAwiU2v976aDypdN41zH5tds=
31,38,5NIEniE5xUm+fNdGCtVNYUh5QgI=,oHpIbv8adXEWwwBFYtR8WI/FoIY=
31,44,5NIEniE5xUm+fNdGCtVNYUh5QgI=,4sXzrpek057sCkwXmQpgLvB2yJY=
31,43,5NIEniE5xUm+fNdGCtVNYUh5QgI=,DRcI9SmXB9ZoV1+Y4XqwBiwJa9A=
23,35,5NIEniE5xUm+fNdGCtVNYUh5QgI=,RrTEmgebWNWkMLsDP39a8tEmS9o=
23,36,5NIEniE5xUm+fNdGCtVNYUh5QgI=,O2LHAwiU2v976aDypdN41zH5tds=
31,46,5NIEniE5xUm+fNdGCtVNYUh5QgI=,UTN/MgCG/1dnY2faIYyHogI7ZHI=
22,32,5NIEniE5xUm+fNdGCtVNYUh5QgI=,mse9ZxGlJ//vlPk2kftKIiOAWs8=
24,35,5NIEniE5xUm+fNdGCtVNYUh5QgI=,nEyGJ+J4Ek4URVvxpkh1jJ+fR7g=
24,33,5NIEniE5xUm+fNdGCtVNYUh5QgI=,iNJhYkGBHIkARmFEtKq/v6XCxcY=
22,34,5NIEniE5xUm+fNdGCtVNYUh5QgI=,RrTEmgebWNWkMLsDP39a8tEmS9o=
31,45,5NIEniE5xUm+fNdGCtVNYUh5QgI=,4sXzrpek057sCkwXmQpgLvB2yJY=
22,33,5NIEniE5xUm+fNdGCtVNYUh5QgI=,mse9ZxGlJ//vlPk2kftKIiOAWs8=
22,35,5NIEniE5xUm+fNdGCtVNYUh5QgI=,RrTEmgebWNWkMLsDP39a8tEmS9o=
20,32,5NIEniE5xUm+fNdGCtVNYUh5QgI=,bgAgI1JqNtmqiI7UVufwEtq1ask=
21,32,5NIEniE5xUm+fNdGCtVNYUh5QgI=,bgAgI1JqNtmqiI7UVufwEtq1ask=
19,32,5NIEniE5xUm+fNdGCtVNYUh5QgI=,FSCSRUff6dzCLJB9tD7cIuvzH64=
21,36,5NIEniE5xUm+fNdGCtVNYUh5QgI=,+z92HKwg0x9MlIJFtmQqKMESHhw=
31,47,5NIEniE5xUm+fNdGCtVNYUh5QgI=,UTN/MgCG/1dnY2faIYyHogI7ZHI=
16,37,5NIEniE5xUm+fNdGCtVNYUh5QgI=,uBDZobTg4JzhTmZroBIZpuYVp9M=
31,32,5NIEniE5xUm+fNdGCtVNYUh5QgI=,2sXlOEJJzX4sMi8ZSK4CXrpuaGc=
16,38,5NIEniE5xUm+fNdGCtVNYUh5QgI=,mtaH8gNIiyOugZCses1lLOX9IWQ=
16,47,5NIEniE5xUm+fNdGCtVNYUh5QgI=,r9Kz0mirfAWV/oKwL5r9fxnNYgA=
16,35,5NIEniE5xUm+fNdGCtVNYUh5QgI=,wLnghLky17uH0FbOUFaJayu9Dsw=
16,36,5NIEniE5xUm+fNdGCtVNYUh5QgI=,uBDZobTg4JzhTmZroBIZpuYVp9M=
17,32,5NIEniE5xUm+fNdGCtVNYUh5QgI=,4LgHe6PpNRQ/9mDHNyB3V8QmN4I=
17,34,5NIEniE5xUm+fNdGCtVNYUh5QgI=,wLnghLky17uH0FbOUFaJayu9Dsw=
17,33,5NIEniE5xUm+fNdGCtVNYUh5QgI=,4LgHe6PpNRQ/9mDHNyB3V8QmN4I=
16,34,5NIEniE5xUm+fNdGCtVNYUh5QgI=,wLnghLky17uH0FbOUFaJayu9Dsw=
18,33,5NIEniE5xUm+fNdGCtVNYUh5QgI=,FSCSRUff6dzCLJB9tD7cIuvzH64=
18,32,5NIEniE5xUm+fNdGCtVNYUh5QgI=,FSCSRUff6dzCLJB9tD7cIuvzH64=
16,33,5NIEniE5xUm+fNdGCtVNYUh5QgI=,4LgHe6PpNRQ/9mDHNyB3V8QmN4I=
16,32,5NIEniE5xUm+fNdGCtVNYUh5QgI=,4LgHe6PpNRQ/9mDHNyB3V8QmN4I=
18,34,5NIEniE5xUm+fNdGCtVNYUh5QgI=,k1NPsoHibLVFAVQIUhIw1jBarNw=
